time,User%
2025-05-23 17:04:20,32.6
2025-05-23 17:04:21,11.5
2025-05-23 17:04:22,51.7
2025-05-23 17:04:23,24.3
2025-05-23 17:04:24,28.2
2025-05-23 17:04:25,22.0
2025-05-23 17:04:26,4.8
2025-05-23 17:04:27,26.0
2025-05-23 17:04:28,3.1
2025-05-23 17:04:29,21.5
2025-05-23 17:04:30,24.1
2025-05-23 17:04:31,5.1
2025-05-23 17:04:32,39.7
2025-05-23 17:04:33,2.3
2025-05-23 17:04:34,28.9
2025-05-23 17:04:35,12.0
2025-05-23 17:04:36,34.0
2025-05-23 17:04:37,23.1
2025-05-23 17:04:38,8.0
2025-05-23 17:04:39,43.1
2025-05-23 17:04:40,2.9
2025-05-23 17:04:41,26.1
2025-05-23 17:04:42,4.3
2025-05-23 17:04:43,31.7
2025-05-23 17:04:44,19.3
2025-05-23 17:04:45,2.9
2025-05-23 17:04:46,29.6
2025-05-23 17:04:47,5.9
2025-05-23 17:04:48,41.8
2025-05-23 17:04:49,7.0
2025-05-23 17:04:50,24.3
2025-05-23 17:04:51,37.3
2025-05-23 17:04:52,10.7
2025-05-23 17:04:53,27.5
2025-05-23 17:04:54,4.8
2025-05-23 17:04:55,25.2
2025-05-23 17:04:56,10.2
2025-05-23 17:04:57,21.8
2025-05-23 17:04:58,30.6
2025-05-23 17:04:59,5.7
2025-05-23 17:05:00,21.6
2025-05-23 17:05:01,2.6
2025-05-23 17:05:02,22.7
2025-05-23 17:05:03,35.8
2025-05-23 17:05:04,13.2
2025-05-23 17:05:05,22.8
2025-05-23 17:05:06,4.5
2025-05-23 17:05:07,23.9
2025-05-23 17:05:08,14.4
2025-05-23 17:05:09,30.6
2025-05-23 17:05:10,24.9
2025-05-23 17:05:11,11.2
2025-05-23 17:05:12,29.0
2025-05-23 17:05:13,2.9
2025-05-23 17:05:14,46.6
2025-05-23 17:05:15,5.6
2025-05-23 17:05:16,21.2
2025-05-23 17:05:17,32.3
2025-05-23 17:05:18,14.2
2025-05-23 17:05:19,25.5
2025-05-23 17:05:20,3.1
2025-05-23 17:05:21,41.5
2025-05-23 17:05:22,4.9
2025-05-23 17:05:23,43.8
2025-05-23 17:05:24,6.5
2025-05-23 17:05:25,25.1
2025-05-23 17:05:26,33.9
2025-05-23 17:05:27,17.7
2025-05-23 17:05:28,14.1
2025-05-23 17:05:29,3.1
2025-05-23 17:05:30,44.9
2025-05-23 17:05:31,5.3
2025-05-23 17:05:32,27.6
2025-05-23 17:05:33,22.4
2025-05-23 17:05:34,5.1
2025-05-23 17:05:35,24.5
2025-05-23 17:05:36,3.1
2025-05-23 17:05:37,41.9
2025-05-23 17:05:38,17.1
2025-05-23 17:05:39,25.8
2025-05-23 17:05:40,33.8
2025-05-23 17:05:41,12.5
2025-05-23 17:05:42,43.7
2025-05-23 17:05:43,6.4
2025-05-23 17:05:44,26.6
2025-05-23 17:05:45,2.9
2025-05-23 17:05:46,43.4
2025-05-23 17:05:47,10.8
2025-05-23 17:05:48,14.7
2025-05-23 17:05:49,39.7
2025-05-23 17:05:50,6.7
2025-05-23 17:05:51,25.5
2025-05-23 17:05:52,3.4
2025-05-23 17:05:53,14.2
2025-05-23 17:05:54,17.6
2025-05-23 17:05:55,5.1
2025-05-23 17:05:56,26.7
2025-05-23 17:05:57,7.8
2025-05-23 17:05:58,40.3
2025-05-23 17:05:59,22.0
2025-05-23 17:06:00,5.5
2025-05-23 17:06:01,41.8
2025-05-23 17:06:02,5.1
2025-05-23 17:06:03,30.7
2025-05-23 17:06:04,2.6
2025-05-23 17:06:05,28.4
2025-05-23 17:06:06,28.7
2025-05-23 17:06:07,21.3
2025-05-23 17:06:08,15.4
2025-05-23 17:06:09,2.9
2025-05-23 17:06:10,24.6
2025-05-23 17:06:11,16.8
2025-05-23 17:06:12,28.3
2025-05-23 17:06:13,22.3
2025-05-23 17:06:14,5.6
2025-05-23 17:06:15,45.7
2025-05-23 17:06:16,2.9
2025-05-23 17:06:17,42.3
2025-05-23 17:06:18,4.6
2025-05-23 17:06:19,31.2
2025-05-23 17:06:20,13.4
2025-05-23 17:06:21,5.0
2025-05-23 17:06:22,26.1
2025-05-23 17:06:23,5.6
2025-05-23 17:06:24,21.9
2025-05-23 17:06:25,22.3
2025-05-23 17:06:26,4.6
2025-05-23 17:06:27,47.4
2025-05-23 17:06:28,3.4
2025-05-23 17:06:29,42.3
2025-05-23 17:06:30,4.3
2025-05-23 17:06:31,29.7
2025-05-23 17:06:32,11.4
2025-05-23 17:06:33,19.8
2025-05-23 17:06:34,39.2
2025-05-23 17:06:35,11.9
2025-05-23 17:06:36,42.3
2025-05-23 17:06:37,3.4
2025-05-23 17:06:38,47.1
2025-05-23 17:06:39,5.1
2025-05-23 17:06:40,24.4
2025-05-23 17:06:41,4.8
2025-05-23 17:06:42,48.2
2025-05-23 17:06:43,14.3
2025-05-23 17:06:44,18.3
2025-05-23 17:06:45,33.7
2025-05-23 17:06:46,7.2
2025-05-23 17:06:47,51.4
2025-05-23 17:06:48,3.7
2025-05-23 17:06:49,41.0
2025-05-23 17:06:50,4.6
2025-05-23 17:06:51,31.1
2025-05-23 17:06:52,3.4
2025-05-23 17:06:53,43.5
2025-05-23 17:06:54,16.0
2025-05-23 17:06:55,19.8
2025-05-23 17:06:56,38.7
2025-05-23 17:06:57,18.1
2025-05-23 17:06:58,32.5
2025-05-23 17:06:59,5.6
2025-05-23 17:07:00,22.2
2025-05-23 17:07:01,7.4
2025-05-23 17:07:02,15.5
2025-05-23 17:07:03,45.6
2025-05-23 17:07:04,6.2
2025-05-23 17:07:05,43.1
2025-05-23 17:07:06,5.7
2025-05-23 17:07:07,25.8
2025-05-23 17:07:08,3.9
2025-05-23 17:07:09,27.9
2025-05-23 17:07:10,17.5
2025-05-23 17:07:11,5.6
2025-05-23 17:07:12,27.6
2025-05-23 17:07:13,3.4
2025-05-23 17:07:14,25.3
2025-05-23 17:07:15,17.7
2025-05-23 17:07:16,3.1
2025-05-23 17:07:17,15.0
2025-05-23 17:07:18,19.4
2025-05-23 17:07:19,9.8
2025-05-23 17:07:20,22.0
2025-05-23 17:07:21,3.4
2025-05-23 17:07:22,24.3
2025-05-23 17:07:23,27.4
2025-05-23 17:07:24,6.2
2025-05-23 17:07:25,27.8
2025-05-23 17:07:26,5.9
2025-05-23 17:07:27,30.6
2025-05-23 17:07:28,9.1
2025-05-23 17:07:29,20.9
2025-05-23 17:07:30,30.5
2025-05-23 17:07:31,5.0
2025-05-23 17:07:32,29.4
2025-05-23 17:07:33,4.2
2025-05-23 17:07:34,18.2
2025-05-23 17:07:35,35.2
2025-05-23 17:07:36,12.7
2025-05-23 17:07:37,21.7
2025-05-23 17:07:38,5.1
2025-05-23 17:07:39,43.5
2025-05-23 17:07:40,2.9
2025-05-23 17:07:41,28.1
2025-05-23 17:07:42,25.6
2025-05-23 17:07:43,10.8
2025-05-23 17:07:44,41.2
2025-05-23 17:07:45,4.0
2025-05-23 17:07:46,45.5
2025-05-23 17:07:47,5.0
2025-05-23 17:07:48,27.1
2025-05-23 17:07:49,4.2
2025-05-23 17:07:50,37.1
2025-05-23 17:07:51,29.7
2025-05-23 17:07:52,17.8
2025-05-23 17:07:53,23.8
2025-05-23 17:07:54,4.9
2025-05-23 17:07:55,16.4
2025-05-23 17:07:56,14.2
2025-05-23 17:07:57,3.7
2025-05-23 17:07:58,18.0
2025-05-23 17:07:59,6.3
2025-05-23 17:08:00,12.6
2025-05-23 17:08:01,42.6
2025-05-23 17:08:02,5.4
2025-05-23 17:08:03,24.3
2025-05-23 17:08:04,2.6
2025-05-23 17:08:05,41.4
2025-05-23 17:08:06,9.9
2025-05-23 17:08:07,40.6
2025-05-23 17:08:08,14.0
2025-05-23 17:08:09,4.2
2025-05-23 17:08:10,26.0
2025-05-23 17:08:11,4.2
2025-05-23 17:08:12,15.0
2025-05-23 17:08:13,22.6
2025-05-23 17:08:14,5.1
2025-05-23 17:08:15,16.8
2025-05-23 17:08:16,13.1
2025-05-23 17:08:17,17.4
2025-05-23 17:08:18,29.4
2025-05-23 17:08:19,4.3
2025-05-23 17:08:20,27.0
2025-05-23 17:08:21,8.2
2025-05-23 17:08:22,19.8
2025-05-23 17:08:23,24.3
2025-05-23 17:08:24,2.8
2025-05-23 17:08:25,44.0
2025-05-23 17:08:26,5.9
2025-05-23 17:08:27,29.6
2025-05-23 17:08:28,13.4
2025-05-23 17:08:29,31.2
2025-05-23 17:08:30,29.7
2025-05-23 17:08:31,21.0
2025-05-23 17:08:32,21.6
2025-05-23 17:08:33,4.0
2025-05-23 17:08:34,16.4
2025-05-23 17:08:35,15.7
2025-05-23 17:08:36,2.6
2025-05-23 17:08:37,41.3
2025-05-23 17:08:38,6.4
2025-05-23 17:08:39,17.3
2025-05-23 17:08:40,16.3
2025-05-23 17:08:41,9.5
2025-05-23 17:08:42,31.1
2025-05-23 17:08:43,4.2
2025-05-23 17:08:44,46.8
2025-05-23 17:08:45,4.2
2025-05-23 17:08:46,25.4
2025-05-23 17:08:47,19.1
2025-05-23 17:08:48,28.1
2025-05-23 17:08:49,30.4
2025-05-23 17:08:50,18.9
2025-05-23 17:08:51,22.9
2025-05-23 17:08:52,2.8
2025-05-23 17:08:53,15.6
2025-05-23 17:08:54,24.1
2025-05-23 17:08:55,6.5
2025-05-23 17:08:56,14.8
2025-05-23 17:08:57,4.0
2025-05-23 17:08:58,43.9
2025-05-23 17:08:59,11.6
2025-05-23 17:09:00,19.2
2025-05-23 17:09:01,23.2
2025-05-23 17:09:02,5.7
2025-05-23 17:09:03,26.9
2025-05-23 17:09:04,4.2
2025-05-23 17:09:05,41.6
2025-05-23 17:09:06,21.1
2025-05-23 17:09:07,13.8
2025-05-23 17:09:08,15.6
2025-05-23 17:09:09,4.2
2025-05-23 17:09:10,31.1
2025-05-23 17:09:11,19.5
2025-05-23 17:09:12,34.4
2025-05-23 17:09:13,16.5
2025-05-23 17:09:14,5.9
2025-05-23 17:09:15,42.3
2025-05-23 17:09:16,2.9
2025-05-23 17:09:17,43.3
2025-05-23 17:09:18,5.9
2025-05-23 17:09:19,22.9
2025-05-23 17:09:20,21.7
2025-05-23 17:09:21,5.0
2025-05-23 17:09:22,48.6
2025-05-23 17:09:23,3.9
2025-05-23 17:09:24,39.6
2025-05-23 17:09:25,4.5
2025-05-23 17:09:26,18.9
2025-05-23 17:09:27,22.0
2025-05-23 17:09:28,3.1
2025-05-23 17:09:29,23.0
2025-05-23 17:09:30,4.9
2025-05-23 17:09:31,28.8
2025-05-23 17:09:32,22.0
2025-05-23 17:09:33,4.0
2025-05-23 17:09:34,29.3
2025-05-23 17:09:35,3.7
2025-05-23 17:09:36,40.1
2025-05-23 17:09:37,3.2
2025-05-23 17:09:38,36.2
2025-05-23 17:09:39,26.9
2025-05-23 17:09:40,18.3
2025-05-23 17:09:41,16.8
2025-05-23 17:09:42,6.2
2025-05-23 17:09:43,22.0
2025-05-23 17:09:44,18.4
2025-05-23 17:09:45,26.7
2025-05-23 17:09:46,18.6
2025-05-23 17:09:47,3.4
2025-05-23 17:09:48,26.1
2025-05-23 17:09:49,7.7
2025-05-23 17:09:50,29.0
2025-05-23 17:09:51,31.7
2025-05-23 17:09:52,14.5
2025-05-23 17:09:53,30.5
2025-05-23 17:09:54,5.7
2025-05-23 17:09:55,27.6
2025-05-23 17:09:56,3.4
2025-05-23 17:09:57,43.6
2025-05-23 17:09:58,14.4
2025-05-23 17:10:00,33.9
2025-05-23 17:10:01,21.7
2025-05-23 17:10:02,3.7
2025-05-23 17:10:03,44.4
2025-05-23 17:10:04,3.9
2025-05-23 17:10:05,14.3
2025-05-23 17:10:06,20.6
2025-05-23 17:10:07,6.2
2025-05-23 17:10:08,41.0
2025-05-23 17:10:09,2.6
2025-05-23 17:10:10,24.0
2025-05-23 17:10:11,7.8
2025-05-23 17:10:12,42.5
2025-05-23 17:10:13,16.8
2025-05-23 17:10:14,8.8
2025-05-23 17:10:15,25.1
2025-05-23 17:10:16,3.4
2025-05-23 17:10:17,21.0
2025-05-23 17:10:18,15.6
2025-05-23 17:10:19,4.8
2025-05-23 17:10:20,42.3
2025-05-23 17:10:21,3.6
2025-05-23 17:10:22,28.8
2025-05-23 17:10:23,8.6
2025-05-23 17:10:24,20.2
2025-05-23 17:10:25,26.7
2025-05-23 17:10:26,5.1
2025-05-23 17:10:27,47.3
2025-05-23 17:10:28,3.4
2025-05-23 17:10:29,27.9
2025-05-23 17:10:30,5.3
2025-05-23 17:10:31,46.6
2025-05-23 17:10:32,12.5
2025-05-23 17:10:33,16.6
2025-05-23 17:10:34,16.7
2025-05-23 17:10:35,5.9
2025-05-23 17:10:36,28.2
2025-05-23 17:10:37,14.6
2025-05-23 17:10:38,5.6
2025-05-23 17:10:39,31.0
2025-05-23 17:10:40,3.6
2025-05-23 17:10:41,43.1
2025-05-23 17:10:42,5.3
2025-05-23 17:10:43,18.9
2025-05-23 17:10:44,16.1
2025-05-23 17:10:45,3.4
2025-05-23 17:10:46,30.8
2025-05-23 17:10:47,14.4
2025-05-23 17:10:48,7.5
2025-05-23 17:10:49,14.6
2025-05-23 17:10:50,5.0
2025-05-23 17:10:51,17.6
2025-05-23 17:10:52,38.1
2025-05-23 17:10:53,6.2
2025-05-23 17:10:54,46.3
2025-05-23 17:10:55,6.7
2025-05-23 17:10:56,26.7
2025-05-23 17:10:57,3.4
2025-05-23 17:10:58,24.5
2025-05-23 17:10:59,28.3
2025-05-23 17:11:00,26.3
2025-05-23 17:11:01,28.8
2025-05-23 17:11:02,5.9
2025-05-23 17:11:03,45.3
2025-05-23 17:11:04,3.4
2025-05-23 17:11:05,41.2
2025-05-23 17:11:06,4.8
2025-05-23 17:11:07,30.9
2025-05-23 17:11:08,15.1
2025-05-23 17:11:09,27.6
2025-05-23 17:11:10,32.5
2025-05-23 17:11:11,17.6
2025-05-23 17:11:12,15.1
2025-05-23 17:11:13,2.9
2025-05-23 17:11:14,19.0
2025-05-23 17:11:15,29.0
2025-05-23 17:11:16,5.8
2025-05-23 17:11:17,21.1
2025-05-23 17:11:18,5.9
2025-05-23 17:11:19,25.5
2025-05-23 17:11:20,24.3
2025-05-23 17:11:21,6.5
2025-05-23 17:11:22,24.1
2025-05-23 17:11:23,4.9
2025-05-23 17:11:24,27.1
2025-05-23 17:11:25,15.5
2025-05-23 17:11:26,32.0
2025-05-23 17:11:27,35.4
2025-05-23 17:11:28,19.6
2025-05-23 17:11:29,37.3
2025-05-23 17:11:30,8.0
2025-05-23 17:11:31,44.6
2025-05-23 17:11:32,3.1
2025-05-23 17:11:33,26.5
2025-05-23 17:11:34,4.6
2025-05-23 17:11:35,45.4
2025-05-23 17:11:36,3.4
2025-05-23 17:11:37,21.2
2025-05-23 17:11:38,37.5
2025-05-23 17:11:39,14.7
2025-05-23 17:11:40,27.1
2025-05-23 17:11:41,2.9
2025-05-23 17:11:42,45.6
2025-05-23 17:11:43,5.4
2025-05-23 17:11:44,21.7
2025-05-23 17:11:45,20.9
2025-05-23 17:11:46,12.4
2025-05-23 17:11:47,25.4
2025-05-23 17:11:48,2.9
2025-05-23 17:11:49,14.3
2025-05-23 17:11:50,16.9
2025-05-23 17:11:51,5.6
2025-05-23 17:11:52,14.9
2025-05-23 17:11:53,13.0
2025-05-23 17:11:54,26.4
2025-05-23 17:11:55,24.6
2025-05-23 17:11:56,2.9
2025-05-23 17:11:57,27.1
2025-05-23 17:11:58,9.9
2025-05-23 17:11:59,22.3
2025-05-23 17:12:00,14.6
2025-05-23 17:12:01,3.7
2025-05-23 17:12:02,30.7
2025-05-23 17:12:03,12.8
2025-05-23 17:12:04,15.2
2025-05-23 17:12:05,22.8
2025-05-23 17:12:06,5.6
2025-05-23 17:12:07,24.6
2025-05-23 17:12:08,13.2
2025-05-23 17:12:09,16.5
2025-05-23 17:12:10,41.6
2025-05-23 17:12:11,7.4
2025-05-23 17:12:12,28.7
2025-05-23 17:12:13,3.4
2025-05-23 17:12:14,32.3
2025-05-23 17:12:15,11.7
2025-05-23 17:12:16,8.3
2025-05-23 17:12:17,22.0
2025-05-23 17:12:18,5.6
2025-05-23 17:12:19,25.3
2025-05-23 17:12:20,14.1
2025-05-23 17:12:21,9.2
2025-05-23 17:12:22,24.7
2025-05-23 17:12:23,4.8
2025-05-23 17:12:24,27.1
2025-05-23 17:12:25,24.2
2025-05-23 17:12:26,8.6
2025-05-23 17:12:27,31.5
2025-05-23 17:12:28,3.1
2025-05-23 17:12:29,15.1
2025-05-23 17:12:30,25.5
2025-05-23 17:12:31,11.1
2025-05-23 17:12:32,25.8
2025-05-23 17:12:33,3.4
2025-05-23 17:12:34,30.9
2025-05-23 17:12:35,8.0
2025-05-23 17:12:36,39.0
2025-05-23 17:12:37,15.6
2025-05-23 17:12:38,6.1
2025-05-23 17:12:39,30.0
2025-05-23 17:12:40,3.4
2025-05-23 17:12:41,26.3
2025-05-23 17:12:42,23.0
2025-05-23 17:12:43,14.5
2025-05-23 17:12:44,22.5
2025-05-23 17:12:45,3.4
2025-05-23 17:12:46,45.7
2025-05-23 17:12:47,5.3
2025-05-23 17:12:48,14.6
2025-05-23 17:12:49,21.2
2025-05-23 17:12:50,5.6
2025-05-23 17:12:51,30.9
2025-05-23 17:12:52,4.4
2025-05-23 17:12:53,27.3
2025-05-23 17:12:54,32.8
2025-05-23 17:12:55,20.1
2025-05-23 17:12:56,16.4
2025-05-23 17:12:57,4.2
2025-05-23 17:12:58,47.3
2025-05-23 17:12:59,4.8
2025-05-23 17:13:00,14.3
2025-05-23 17:13:01,14.2
2025-05-23 17:13:02,5.1
2025-05-23 17:13:03,44.3
2025-05-23 17:13:04,3.1
2025-05-23 17:13:05,14.2
2025-05-23 17:13:06,30.2
2025-05-23 17:13:07,4.3
2025-05-23 17:13:08,39.8
2025-05-23 17:13:09,3.2
2025-05-23 17:13:10,29.7
2025-05-23 17:13:11,6.6
2025-05-23 17:13:12,39.8
2025-05-23 17:13:13,23.0
2025-05-23 17:13:14,31.0
2025-05-23 17:13:15,30.6
2025-05-23 17:13:16,15.6
2025-05-23 17:13:17,22.3
2025-05-23 17:13:18,5.7
2025-05-23 17:13:19,42.6
2025-05-23 17:13:20,3.1
2025-05-23 17:13:21,27.9
2025-05-23 17:13:22,19.2
2025-05-23 17:13:23,32.9
2025-05-23 17:13:24,14.3
2025-05-23 17:13:25,3.7
2025-05-23 17:13:26,46.9
2025-05-23 17:13:27,4.3
2025-05-23 17:13:28,22.3
2025-05-23 17:13:29,14.8
2025-05-23 17:13:30,19.9
2025-05-23 17:13:31,15.7
2025-05-23 17:13:32,3.1
2025-05-23 17:13:33,42.1
2025-05-23 17:13:34,4.8
2025-05-23 17:13:35,29.1
2025-05-23 17:13:36,25.3
2025-05-23 17:13:37,5.3
2025-05-23 17:13:38,46.5
2025-05-23 17:13:39,4.5
2025-05-23 17:13:40,32.1
2025-05-23 17:13:41,3.7
2025-05-23 17:13:42,30.2
2025-05-23 17:13:43,23.1
2025-05-23 17:13:44,23.8
2025-05-23 17:13:45,24.0
2025-05-23 17:13:46,5.1
2025-05-23 17:13:47,47.5
2025-05-23 17:13:48,2.9
2025-05-23 17:13:49,16.5
2025-05-23 17:13:50,20.5
2025-05-23 17:13:51,11.0
2025-05-23 17:13:52,23.4
2025-05-23 17:13:53,4.2
2025-05-23 17:13:54,26.5
2025-05-23 17:13:55,17.2
2025-05-23 17:13:56,4.2
2025-05-23 17:13:57,24.9
2025-05-23 17:13:58,6.1
2025-05-23 17:13:59,44.8
2025-05-23 17:14:00,4.4
2025-05-23 17:14:01,22.7
2025-05-23 17:14:02,37.6
2025-05-23 17:14:03,14.1
2025-05-23 17:14:04,27.3
2025-05-23 17:14:05,4.2
2025-05-23 17:14:06,16.9
2025-05-23 17:14:07,21.3
2025-05-23 17:14:08,2.6
2025-05-23 17:14:09,42.5
2025-05-23 17:14:10,4.8
2025-05-23 17:14:11,23.7
2025-05-23 17:14:12,9.4
2025-05-23 17:14:13,8.8
2025-05-23 17:14:14,30.9
2025-05-23 17:14:15,4.0
2025-05-23 17:14:16,26.4
2025-05-23 17:14:17,8.2
2025-05-23 17:14:18,44.8
2025-05-23 17:14:19,15.7
2025-05-23 17:14:20,30.1
2025-05-23 17:14:21,22.2
2025-05-23 17:14:22,5.6
2025-05-23 17:14:23,15.8
2025-05-23 17:14:24,6.8
2025-05-23 17:14:25,23.5
2025-05-23 17:14:26,37.7
2025-05-23 17:14:27,13.1
2025-05-23 17:14:28,14.8
2025-05-23 17:14:29,4.5
2025-05-23 17:14:30,43.6
2025-05-23 17:14:31,5.5
2025-05-23 17:14:32,19.9
2025-05-23 17:14:33,29.2
2025-05-23 17:14:34,5.1
2025-05-23 17:14:35,15.3
2025-05-23 17:14:36,15.8
2025-05-23 17:14:37,30.7
2025-05-23 17:14:38,29.7
2025-05-23 17:14:39,18.6
2025-05-23 17:14:40,22.0
2025-05-23 17:14:41,3.7
2025-05-23 17:14:42,44.5
2025-05-23 17:14:43,3.7
2025-05-23 17:14:44,21.0
2025-05-23 17:14:45,23.8
2025-05-23 17:14:46,10.5
2025-05-23 17:14:47,15.8
2025-05-23 17:14:48,2.9
2025-05-23 17:14:49,23.1
2025-05-23 17:14:50,29.7
2025-05-23 17:14:51,4.0
2025-05-23 17:14:52,27.4
2025-05-23 17:14:53,4.5
2025-05-23 17:14:54,24.3
2025-05-23 17:14:55,20.9
2025-05-23 17:14:56,26.2
2025-05-23 17:14:57,25.5
2025-05-23 17:14:58,6.2
2025-05-23 17:14:59,16.0
2025-05-23 17:15:00,14.8
2025-05-23 17:15:01,24.9
2025-05-23 17:15:02,18.4
2025-05-23 17:15:03,4.2
2025-05-23 17:15:04,15.1
2025-05-23 17:15:05,16.1
2025-05-23 17:15:06,6.2
2025-05-23 17:15:07,41.5
2025-05-23 17:15:08,3.1
2025-05-23 17:15:09,23.1
2025-05-23 17:15:10,18.7
2025-05-23 17:15:11,18.1
2025-05-23 17:15:12,23.4
2025-05-23 17:15:13,4.8
2025-05-23 17:15:14,25.8
2025-05-23 17:15:15,9.2
2025-05-23 17:15:16,38.0
2025-05-23 17:15:17,20.8
2025-05-23 17:15:18,31.5
2025-05-23 17:15:19,29.6
2025-05-23 17:15:20,17.4
2025-05-23 17:15:21,25.8
2025-05-23 17:15:22,6.5
2025-05-23 17:15:23,45.0
2025-05-23 17:15:24,8.9
2025-05-23 17:15:25,42.6
2025-05-23 17:15:26,5.4
2025-05-23 17:15:27,15.9
2025-05-23 17:15:28,21.8
2025-05-23 17:15:29,4.3
2025-05-23 17:15:30,44.3
2025-05-23 17:15:31,3.4
2025-05-23 17:15:32,21.9
2025-05-23 17:15:33,15.8
2025-05-23 17:15:34,5.4
2025-05-23 17:15:35,28.8
2025-05-23 17:15:36,2.9
2025-05-23 17:15:37,16.7
2025-05-23 17:15:38,26.2
2025-05-23 17:15:39,3.4
2025-05-23 17:15:40,21.8
2025-05-23 17:15:41,5.1
2025-05-23 17:15:42,31.1
2025-05-23 17:15:43,14.4
2025-05-23 17:15:44,2.9
2025-05-23 17:15:45,24.0
2025-05-23 17:15:46,10.5
2025-05-23 17:15:47,11.3
2025-05-23 17:15:48,46.2
2025-05-23 17:15:49,5.9
2025-05-23 17:15:51,25.5
2025-05-23 17:15:52,3.7
2025-05-23 17:15:53,26.4
2025-05-23 17:15:54,16.4
2025-05-23 17:15:55,5.1
2025-05-23 17:15:56,15.1
2025-05-23 17:15:57,4.4
2025-05-23 17:15:58,28.8
2025-05-23 17:15:59,18.1
2025-05-23 17:16:00,2.9
2025-05-23 17:16:01,22.9
2025-05-23 17:16:02,9.2
2025-05-23 17:16:03,41.0
2025-05-23 17:16:04,19.3
2025-05-23 17:16:05,6.7
2025-05-23 17:16:06,45.2
2025-05-23 17:16:07,5.7
2025-05-23 17:16:08,21.6
2025-05-23 17:16:09,3.1
2025-05-23 17:16:10,44.6
2025-05-23 17:16:11,14.1
2025-05-23 17:16:12,8.0
2025-05-23 17:16:13,32.9
2025-05-23 17:16:14,4.3
2025-05-23 17:16:15,47.1
2025-05-23 17:16:16,3.7
2025-05-23 17:16:17,26.2
2025-05-23 17:16:18,22.6
2025-05-23 17:16:19,13.5
2025-05-23 17:16:20,40.8
2025-05-23 17:16:21,3.4
2025-05-23 17:16:22,16.4
2025-05-23 17:16:23,9.4
2025-05-23 17:16:24,28.6
2025-05-23 17:16:25,28.9
2025-05-23 17:16:26,18.0
2025-05-23 17:16:27,26.7
2025-05-23 17:16:28,3.4
2025-05-23 17:16:29,21.2
2025-05-23 17:16:30,11.7
2025-05-23 17:16:31,38.0
2025-05-23 17:16:32,22.3
2025-05-23 17:16:33,6.8
2025-05-23 17:16:34,24.8
2025-05-23 17:16:35,11.6
2025-05-23 17:16:36,42.3
2025-05-23 17:16:37,2.6
2025-05-23 17:16:38,16.4
2025-05-23 17:16:39,27.2
2025-05-23 17:16:40,3.1
2025-05-23 17:16:41,25.6
2025-05-23 17:16:42,6.6
2025-05-23 17:16:43,23.3
2025-05-23 17:16:44,35.7
2025-05-23 17:16:45,9.4
2025-05-23 17:16:46,46.3
2025-05-23 17:16:47,5.7
2025-05-23 17:16:48,40.4
2025-05-23 17:16:49,2.6
2025-05-23 17:16:50,25.9
2025-05-23 17:16:51,8.1
2025-05-23 17:16:52,12.6
2025-05-23 17:16:53,42.2
2025-05-23 17:16:54,4.6
2025-05-23 17:16:55,29.2
2025-05-23 17:16:56,3.9
2025-05-23 17:16:57,14.1
2025-05-23 17:16:58,32.9
2025-05-23 17:16:59,7.0
2025-05-23 17:17:00,25.7
2025-05-23 17:17:01,2.9
2025-05-23 17:17:02,17.0
2025-05-23 17:17:03,31.4
2025-05-23 17:17:04,18.5
2025-05-23 17:17:05,21.5
2025-05-23 17:17:06,3.8
2025-05-23 17:17:07,16.6
2025-05-23 17:17:08,17.1
2025-05-23 17:17:09,26.5
2025-05-23 17:17:10,32.3
2025-05-23 17:17:11,5.4
2025-05-23 17:17:12,27.2
2025-05-23 17:17:13,2.6
2025-05-23 17:17:14,30.3
2025-05-23 17:17:15,17.1
2025-05-23 17:17:16,2.9
2025-05-23 17:17:17,42.1
2025-05-23 17:17:18,4.3
2025-05-23 17:17:19,30.1
2025-05-23 17:17:20,2.9
2025-05-23 17:17:21,48.5
2025-05-23 17:17:22,6.7
2025-05-23 17:17:23,31.1
2025-05-23 17:17:24,28.5
2025-05-23 17:17:25,15.5
2025-05-23 17:17:26,29.1
2025-05-23 17:17:27,6.4
2025-05-23 17:17:28,15.5
2025-05-23 17:17:29,14.8
2025-05-23 17:17:30,12.4
2025-05-23 17:17:31,25.0
2025-05-23 17:17:32,2.6
2025-05-23 17:17:33,27.8
2025-05-23 17:17:34,13.6
2025-05-23 17:17:35,17.3
2025-05-23 17:17:36,40.3
2025-05-23 17:17:37,4.9
2025-05-23 17:17:38,49.7
2025-05-23 17:17:39,4.8
2025-05-23 17:17:40,15.6
2025-05-23 17:17:41,9.2
2025-05-23 17:17:42,15.0
2025-05-23 17:17:43,24.3
2025-05-23 17:17:44,2.6
2025-05-23 17:17:45,41.2
2025-05-23 17:17:46,5.1
2025-05-23 17:17:47,25.8
2025-05-23 17:17:48,14.9
2025-05-23 17:17:49,3.4
2025-05-23 17:17:50,18.2
2025-05-23 17:17:51,15.7
2025-05-23 17:17:52,3.7
2025-05-23 17:17:53,22.9
2025-05-23 17:17:54,4.1
2025-05-23 17:17:55,16.7
2025-05-23 17:17:56,14.6
2025-05-23 17:17:57,3.9
2025-05-23 17:17:58,17.6
2025-05-23 17:17:59,22.9
2025-05-23 17:18:00,9.6
2025-05-23 17:18:01,20.1
2025-05-23 17:18:02,4.6
2025-05-23 17:18:03,45.6
2025-05-23 17:18:04,3.9
2025-05-23 17:18:05,25.8
2025-05-23 17:18:06,31.7
2025-05-23 17:18:07,5.6
2025-05-23 17:18:08,21.8
2025-05-23 17:18:09,2.9
2025-05-23 17:18:10,46.2
2025-05-23 17:18:11,8.3
2025-05-23 17:18:12,24.4
2025-05-23 17:18:13,23.1
2025-05-23 17:18:14,4.1
2025-05-23 17:18:15,42.9
2025-05-23 17:18:16,2.9
2025-05-23 17:18:17,26.9
2025-05-23 17:18:18,12.8
2025-05-23 17:18:19,16.2
2025-05-23 17:18:20,33.0
2025-05-23 17:18:21,3.7
2025-05-23 17:18:22,46.8
2025-05-23 17:18:23,4.8
2025-05-23 17:18:24,21.6
2025-05-23 17:18:25,16.9
2025-05-23 17:18:26,15.3
2025-05-23 17:18:27,44.6
2025-05-23 17:18:28,3.9
2025-05-23 17:18:29,27.1
2025-05-23 17:18:30,5.3
2025-05-23 17:18:31,16.6
2025-05-23 17:18:32,27.1
2025-05-23 17:18:33,2.9
2025-05-23 17:18:34,31.8
2025-05-23 17:18:35,5.5
2025-05-23 17:18:36,40.9
2025-05-23 17:18:37,2.9
2025-05-23 17:18:38,45.1
2025-05-23 17:18:39,16.2
2025-05-23 17:18:40,16.0
2025-05-23 17:18:41,15.4
2025-05-23 17:18:42,5.4
2025-05-23 17:18:43,23.9
2025-05-23 17:18:44,20.1
2025-05-23 17:18:45,24.5
2025-05-23 17:18:46,30.3
2025-05-23 17:18:47,4.8
2025-05-23 17:18:48,41.2
2025-05-23 17:18:49,2.9
2025-05-23 17:18:50,24.8
2025-05-23 17:18:51,13.0
2025-05-23 17:18:52,7.0
2025-05-23 17:18:53,43.3
2025-05-23 17:18:54,4.8
2025-05-23 17:18:55,30.8
2025-05-23 17:18:56,3.1
2025-05-23 17:18:57,23.6
2025-05-23 17:18:58,27.2
2025-05-23 17:18:59,8.2
2025-05-23 17:19:00,28.4
2025-05-23 17:19:01,8.2
2025-05-23 17:19:02,29.7
2025-05-23 17:19:03,10.9
2025-05-23 17:19:04,20.7
2025-05-23 17:19:05,35.6
2025-05-23 17:19:06,13.4
2025-05-23 17:19:07,28.9
2025-05-23 17:19:08,3.1
2025-05-23 17:19:09,15.8
2025-05-23 17:19:10,21.6
2025-05-23 17:19:11,8.4
2025-05-23 17:19:12,43.1
2025-05-23 17:19:13,3.2
2025-05-23 17:19:14,16.8
2025-05-23 17:19:15,10.9
2025-05-23 17:19:16,8.3
2025-05-23 17:19:17,22.3
2025-05-23 17:19:18,5.1
2025-05-23 17:19:19,16.5
2025-05-23 17:19:20,26.7
2025-05-23 17:19:21,3.9
2025-05-23 17:19:22,53.1
2025-05-23 17:19:23,8.6
2025-05-23 17:19:24,16.7
2025-05-23 17:19:25,12.3
2025-05-23 17:19:26,8.8
2025-05-23 17:19:27,16.2
2025-05-23 17:19:28,2.9
2025-05-23 17:19:29,21.9
2025-05-23 17:19:30,17.1
2025-05-23 17:19:31,4.2
2025-05-23 17:19:32,40.9
2025-05-23 17:19:33,3.9
2025-05-23 17:19:34,45.7
2025-05-23 17:19:35,4.7
2025-05-23 17:19:36,42.3
2025-05-23 17:19:37,12.5
2025-05-23 17:19:38,24.1
2025-05-23 17:19:39,15.4
2025-05-23 17:19:40,8.1
2025-05-23 17:19:41,23.2
2025-05-23 17:19:42,15.9
2025-05-23 17:19:43,33.5
2025-05-23 17:19:44,24.0
2025-05-23 17:19:45,4.7
2025-05-23 17:19:46,17.6
2025-05-23 17:19:47,4.3
2025-05-23 17:19:48,25.6
2025-05-23 17:19:49,27.0
2025-05-23 17:19:50,5.7
2025-05-23 17:19:51,22.6
2025-05-23 17:19:52,2.9
2025-05-23 17:19:53,15.7
2025-05-23 17:19:54,16.8
2025-05-23 17:19:55,4.5
2025-05-23 17:19:56,13.8
2025-05-23 17:19:57,21.7
2025-05-23 17:19:58,6.1
2025-05-23 17:19:59,15.8
2025-05-23 17:20:00,8.1
2025-05-23 17:20:01,22.5
2025-05-23 17:20:02,25.2
2025-05-23 17:20:03,4.0
2025-05-23 17:20:04,15.0
2025-05-23 17:20:05,13.1
2025-05-23 17:20:06,20.7
2025-05-23 17:20:07,40.2
2025-05-23 17:20:08,8.0
2025-05-23 17:20:09,29.2
2025-05-23 17:20:10,5.1
2025-05-23 17:20:11,22.9
2025-05-23 17:20:12,14.0
2025-05-23 17:20:13,11.5
2025-05-23 17:20:14,31.9
2025-05-23 17:20:15,4.5
2025-05-23 17:20:16,41.3
2025-05-23 17:20:17,3.4
2025-05-23 17:20:18,30.1
2025-05-23 17:20:19,22.8
2025-05-23 17:20:20,14.0
2025-05-23 17:20:21,15.2
2025-05-23 17:20:22,5.1
2025-05-23 17:20:23,45.0
2025-05-23 17:20:24,3.6
2025-05-23 17:20:25,14.6
2025-05-23 17:20:26,31.7
2025-05-23 17:20:27,4.5
2025-05-23 17:20:28,14.8
2025-05-23 17:20:29,12.9
2025-05-23 17:20:30,15.1
2025-05-23 17:20:31,27.5
2025-05-23 17:20:32,2.8
2025-05-23 17:20:33,16.4
2025-05-23 17:20:34,20.5
2025-05-23 17:20:35,8.4
2025-05-23 17:20:36,21.4
2025-05-23 17:20:37,9.8
2025-05-23 17:20:38,31.2
2025-05-23 17:20:39,15.7
2025-05-23 17:20:40,2.9
2025-05-23 17:20:41,22.4
2025-05-23 17:20:42,5.1
2025-05-23 17:20:43,28.7
2025-05-23 17:20:44,20.3
2025-05-23 17:20:45,11.2
2025-05-23 17:20:46,17.4
2025-05-23 17:20:47,3.4
2025-05-23 17:20:48,14.1
2025-05-23 17:20:49,23.4
2025-05-23 17:20:50,4.9
2025-05-23 17:20:51,15.0
2025-05-23 17:20:52,14.0
2025-05-23 17:20:53,31.2
2025-05-23 17:20:54,16.6
2025-05-23 17:20:55,3.7
2025-05-23 17:20:56,14.5
2025-05-23 17:20:57,18.5
2025-05-23 17:20:58,10.7
2025-05-23 17:20:59,32.4
2025-05-23 17:21:00,2.9
2025-05-23 17:21:01,22.0
2025-05-23 17:21:02,18.4
2025-05-23 17:21:03,30.2
2025-05-23 17:21:04,26.8
2025-05-23 17:21:05,18.1
2025-05-23 17:21:06,25.3
2025-05-23 17:21:07,3.7
2025-05-23 17:21:08,28.9
2025-05-23 17:21:09,4.7
2025-05-23 17:21:10,30.3
2025-05-23 17:21:11,30.0
2025-05-23 17:21:12,15.4
2025-05-23 17:21:13,25.5
2025-05-23 17:21:14,5.1
2025-05-23 17:21:15,27.4
2025-05-23 17:21:16,11.2
2025-05-23 17:21:17,20.6
2025-05-23 17:21:18,30.5
2025-05-23 17:21:19,3.9
2025-05-23 17:21:20,14.8
2025-05-23 17:21:21,12.7
2025-05-23 17:21:22,8.3
2025-05-23 17:21:23,27.9
2025-05-23 17:21:24,3.1
2025-05-23 17:21:25,42.3
2025-05-23 17:21:26,5.4
2025-05-23 17:21:27,28.4
2025-05-23 17:21:28,23.3
2025-05-23 17:21:29,21.9
2025-05-23 17:21:30,30.4
2025-05-23 17:21:31,3.7
2025-05-23 17:21:32,26.1
2025-05-23 17:21:33,10.1
2025-05-23 17:21:34,46.9
2025-05-23 17:21:35,4.7
2025-05-23 17:21:36,25.0
2025-05-23 17:21:37,29.7
2025-05-23 17:21:38,5.1
2025-05-23 17:21:39,23.2
2025-05-23 17:21:40,2.4
2025-05-23 17:21:41,16.4
2025-05-23 17:21:42,38.7
2025-05-23 17:21:43,11.5
2025-05-23 17:21:44,22.1
2025-05-23 17:21:45,4.0
2025-05-23 17:21:46,18.5
2025-05-23 17:21:47,21.6
2025-05-23 17:21:48,3.4
2025-05-23 17:21:49,16.3
2025-05-23 17:21:51,6.7
2025-05-23 17:21:52,21.2
2025-05-23 17:21:53,26.6
2025-05-23 17:21:54,4.5
2025-05-23 17:21:55,25.9
2025-05-23 17:21:56,6.8
2025-05-23 17:21:57,19.6
2025-05-23 17:21:58,16.0
2025-05-23 17:21:59,5.9
2025-05-23 17:22:00,22.7
2025-05-23 17:22:01,14.5
2025-05-23 17:22:02,4.6
2025-05-23 17:22:03,48.4
2025-05-23 17:22:04,3.4
2025-05-23 17:22:05,14.8
2025-05-23 17:22:06,13.0
2025-05-23 17:22:07,15.3
2025-05-23 17:22:08,44.8
2025-05-23 17:22:09,10.8
2025-05-23 17:22:10,30.5
2025-05-23 17:22:11,5.9
2025-05-23 17:22:12,41.5
2025-05-23 17:22:13,2.6
2025-05-23 17:22:14,15.4
2025-05-23 17:22:15,29.7
2025-05-23 17:22:16,4.2
2025-05-23 17:22:17,41.8
2025-05-23 17:22:18,5.3
2025-05-23 17:22:19,24.5
2025-05-23 17:22:20,8.6
2025-05-23 17:22:21,9.3
2025-05-23 17:22:22,30.0
2025-05-23 17:22:23,5.1
2025-05-23 17:22:24,47.9
2025-05-23 17:22:25,2.6
2025-05-23 17:22:26,30.3
2025-05-23 17:22:27,18.4
2025-05-23 17:22:28,15.2
2025-05-23 17:22:29,29.5
2025-05-23 17:22:30,4.6
2025-05-23 17:22:31,31.9
2025-05-23 17:22:32,3.4
2025-05-23 17:22:33,13.8
2025-05-23 17:22:34,17.2
2025-05-23 17:22:35,5.9
2025-05-23 17:22:36,23.0
2025-05-23 17:22:37,16.5
2025-05-23 17:22:38,9.1
2025-05-23 17:22:39,26.5
2025-05-23 17:22:40,2.6
2025-05-23 17:22:41,34.2
2025-05-23 17:22:42,13.2
2025-05-23 17:22:43,16.6
2025-05-23 17:22:44,40.8
2025-05-23 17:22:45,3.4
2025-05-23 17:22:46,29.9
2025-05-23 17:22:47,5.9
2025-05-23 17:22:48,27.6
2025-05-23 17:22:49,14.8
2025-05-23 17:22:50,32.0
2025-05-23 17:22:51,17.6
2025-05-23 17:22:52,3.1
2025-05-23 17:22:53,27.9
2025-05-23 17:22:54,4.8
2025-05-23 17:22:55,45.4
2025-05-23 17:22:56,9.2
2025-05-23 17:22:57,36.0
2025-05-23 17:22:58,23.9
2025-05-23 17:22:59,5.1
2025-05-23 17:23:00,15.5
2025-05-23 17:23:01,8.9
2025-05-23 17:23:02,11.0
2025-05-23 17:23:03,26.5
2025-05-23 17:23:04,2.9
2025-05-23 17:23:05,26.9
2025-05-23 17:23:06,15.2
2025-05-23 17:23:07,7.5
2025-05-23 17:23:08,15.7
2025-05-23 17:23:09,2.6
2025-05-23 17:23:10,25.6
2025-05-23 17:23:11,32.0
2025-05-23 17:23:12,3.4
2025-05-23 17:23:13,26.7
2025-05-23 17:23:14,10.7
2025-05-23 17:23:15,46.9
2025-05-23 17:23:16,2.9
2025-05-23 17:23:17,25.8
2025-05-23 17:23:18,25.3
2025-05-23 17:23:19,6.1
2025-05-23 17:23:20,23.3
2025-05-23 17:23:21,3.4
2025-05-23 17:23:22,25.2
2025-05-23 17:23:23,26.1
2025-05-23 17:23:24,23.5
2025-05-23 17:23:25,22.0
2025-05-23 17:23:26,5.3
2025-05-23 17:23:27,17.8
2025-05-23 17:23:28,13.5
2025-05-23 17:23:29,10.8
2025-05-23 17:23:30,45.3
2025-05-23 17:23:31,5.4
2025-05-23 17:23:32,21.1
2025-05-23 17:23:33,3.4
2025-05-23 17:23:34,31.1
2025-05-23 17:23:35,29.9
2025-05-23 17:23:36,18.9
2025-05-23 17:23:37,38.6
2025-05-23 17:23:38,7.5
2025-05-23 17:23:39,17.9
2025-05-23 17:23:40,2.9
2025-05-23 17:23:41,40.5
2025-05-23 17:23:42,13.4
2025-05-23 17:23:43,21.9
2025-05-23 17:23:44,38.0
2025-05-23 17:23:45,7.8
2025-05-23 17:23:46,29.3
2025-05-23 17:23:47,5.6
2025-05-23 17:23:48,13.8
2025-05-23 17:23:49,14.1
2025-05-23 17:23:50,5.4
2025-05-23 17:23:51,17.8
2025-05-23 17:23:52,14.8
2025-05-23 17:23:53,15.6
2025-05-23 17:23:54,29.6
2025-05-23 17:23:55,5.3
2025-05-23 17:23:56,27.5
2025-05-23 17:23:57,3.7
2025-05-23 17:23:58,24.6
2025-05-23 17:23:59,16.5
2025-05-23 17:24:00,3.1
2025-05-23 17:24:01,22.2
2025-05-23 17:24:02,19.7
2025-05-23 17:24:03,21.2
2025-05-23 17:24:04,21.4
2025-05-23 17:24:05,3.1
2025-05-23 17:24:06,23.5
2025-05-23 17:24:07,12.9
2025-05-23 17:24:08,13.7
2025-05-23 17:24:09,16.6
2025-05-23 17:24:10,4.9
2025-05-23 17:24:11,46.2
2025-05-23 17:24:12,2.9
2025-05-23 17:24:13,15.2
2025-05-23 17:24:14,17.3
2025-05-23 17:24:15,9.9
2025-05-23 17:24:16,40.3
2025-05-23 17:24:17,2.9
2025-05-23 17:24:18,45.8
2025-05-23 17:24:19,9.4
2025-05-23 17:24:20,17.4
2025-05-23 17:24:21,39.5
2025-05-23 17:24:22,8.6
2025-05-23 17:24:23,26.9
2025-05-23 17:24:24,3.4
2025-05-23 17:24:25,22.6
2025-05-23 17:24:26,23.2
2025-05-23 17:24:27,13.6
2025-05-23 17:24:28,25.8
2025-05-23 17:24:29,3.6
2025-05-23 17:24:30,31.9
2025-05-23 17:24:31,11.7
2025-05-23 17:24:32,26.4
2025-05-23 17:24:33,30.1
2025-05-23 17:24:34,18.9
2025-05-23 17:24:35,28.5
2025-05-23 17:24:36,3.1
2025-05-23 17:24:37,40.7
2025-05-23 17:24:38,5.6
2025-05-23 17:24:39,45.3
2025-05-23 17:24:40,3.1
2025-05-23 17:24:41,23.2
2025-05-23 17:24:42,24.4
2025-05-23 17:24:43,4.8
2025-05-23 17:24:44,14.1
2025-05-23 17:24:45,12.2
2025-05-23 17:24:46,27.8
2025-05-23 17:24:47,25.1
2025-05-23 17:24:48,2.6
2025-05-23 17:24:49,14.2
2025-05-23 17:24:50,12.8
2025-05-23 17:24:51,21.1
2025-05-23 17:24:52,14.8
2025-05-23 17:24:53,3.4
2025-05-23 17:24:54,24.1
2025-05-23 17:24:55,15.9
2025-05-23 17:24:56,3.1
2025-05-23 17:24:57,44.2
2025-05-23 17:24:58,5.4
2025-05-23 17:24:59,16.6
2025-05-23 17:25:00,14.5
2025-05-23 17:25:01,3.4
2025-05-23 17:25:02,29.5
2025-05-23 17:25:03,4.5
2025-05-23 17:25:04,26.3
2025-05-23 17:25:05,22.6
2025-05-23 17:25:06,10.7
2025-05-23 17:25:07,29.2
2025-05-23 17:25:08,2.9
2025-05-23 17:25:09,15.9
2025-05-23 17:25:10,22.5
2025-05-23 17:25:11,28.2
2025-05-23 17:25:12,20.9
2025-05-23 17:25:13,3.2
2025-05-23 17:25:14,25.1
2025-05-23 17:25:15,10.1
2025-05-23 17:25:16,25.6
2025-05-23 17:25:17,15.3
2025-05-23 17:25:18,5.6
2025-05-23 17:25:19,43.9
2025-05-23 17:25:20,2.9
2025-05-23 17:25:21,26.7
2025-05-23 17:25:22,16.5
2025-05-23 17:25:23,18.9
2025-05-23 17:25:24,38.6
2025-05-23 17:25:25,7.1
2025-05-23 17:25:26,44.6
2025-05-23 17:25:27,4.7
2025-05-23 17:25:28,27.3
2025-05-23 17:25:29,2.9
2025-05-23 17:25:30,25.0
2025-05-23 17:25:31,29.5
2025-05-23 17:25:32,2.9
2025-05-23 17:25:33,44.9
2025-05-23 17:25:34,6.4
2025-05-23 17:25:35,48.3
2025-05-23 17:25:36,2.6
2025-05-23 17:25:37,22.8
2025-05-23 17:25:38,14.9
2025-05-23 17:25:39,5.8
2025-05-23 17:25:40,14.3
2025-05-23 17:25:41,3.7
2025-05-23 17:25:42,32.4
2025-05-23 17:25:43,29.3
2025-05-23 17:25:44,3.4
2025-05-23 17:25:45,43.7
2025-05-23 17:25:46,4.9
2025-05-23 17:25:47,48.3
2025-05-23 17:25:48,3.4
2025-05-23 17:25:49,43.3
2025-05-23 17:25:50,5.6
2025-05-23 17:25:51,44.7
2025-05-23 17:25:52,2.9
2025-05-23 17:25:53,41.8
2025-05-23 17:25:54,12.5
2025-05-23 17:25:55,39.1
2025-05-23 17:25:56,14.9
2025-05-23 17:25:57,3.9
2025-05-23 17:25:58,30.0
2025-05-23 17:25:59,4.2
2025-05-23 17:26:00,21.6
2025-05-23 17:26:01,17.5
2025-05-23 17:26:02,5.4
2025-05-23 17:26:03,31.2
2025-05-23 17:26:04,2.9
2025-05-23 17:26:05,22.2
2025-05-23 17:26:06,23.4
2025-05-23 17:26:07,4.0
2025-05-23 17:26:08,21.0
2025-05-23 17:26:09,14.1
2025-05-23 17:26:10,16.3
2025-05-23 17:26:11,16.9
2025-05-23 17:26:12,2.9
2025-05-23 17:26:13,22.6
2025-05-23 17:26:14,24.3
2025-05-23 17:26:15,4.5
2025-05-23 17:26:16,41.6
2025-05-23 17:26:17,3.7
2025-05-23 17:26:18,16.5
2025-05-23 17:26:19,15.0
2025-05-23 17:26:20,31.1
2025-05-23 17:26:21,29.0
2025-05-23 17:26:22,5.6
2025-05-23 17:26:23,43.1
2025-05-23 17:26:24,2.6
2025-05-23 17:26:25,22.3
2025-05-23 17:26:26,12.3
2025-05-23 17:26:27,7.9
2025-05-23 17:26:28,14.0
2025-05-23 17:26:29,3.2
2025-05-23 17:26:30,24.1
2025-05-23 17:26:31,28.4
2025-05-23 17:26:32,2.9
2025-05-23 17:26:33,43.7
2025-05-23 17:26:34,5.9
2025-05-23 17:26:35,34.4
2025-05-23 17:26:36,2.9
2025-05-23 17:26:37,42.0
2025-05-23 17:26:38,14.1
2025-05-23 17:26:39,37.1
2025-05-23 17:26:40,19.9
2025-05-23 17:26:41,6.1
2025-05-23 17:26:42,17.6
2025-05-23 17:26:43,4.0
2025-05-23 17:26:44,22.1
2025-05-23 17:26:45,23.5
2025-05-23 17:26:46,5.4
2025-05-23 17:26:47,15.0
2025-05-23 17:26:48,10.2
2025-05-23 17:26:49,6.6
2025-05-23 17:26:50,50.4
2025-05-23 17:26:51,3.9
2025-05-23 17:26:52,21.3
2025-05-23 17:26:53,4.7
2025-05-23 17:26:54,17.2
2025-05-23 17:26:55,23.0
2025-05-23 17:26:56,3.9
2025-05-23 17:26:57,22.2
2025-05-23 17:26:58,15.9
2025-05-23 17:26:59,5.8
2025-05-23 17:27:00,45.1
2025-05-23 17:27:01,4.0
2025-05-23 17:27:02,17.1
2025-05-23 17:27:03,15.4
2025-05-23 17:27:04,34.8
2025-05-23 17:27:05,24.3
2025-05-23 17:27:06,10.7
2025-05-23 17:27:07,28.9
2025-05-23 17:27:08,2.9
2025-05-23 17:27:09,44.7
2025-05-23 17:27:10,6.1
2025-05-23 17:27:11,43.2
2025-05-23 17:27:12,3.4
2025-05-23 17:27:13,43.5
2025-05-23 17:27:14,15.9
2025-05-23 17:27:15,6.0
2025-05-23 17:27:16,20.1
2025-05-23 17:27:17,4.5
2025-05-23 17:27:18,16.8
2025-05-23 17:27:19,41.1
2025-05-23 17:27:20,4.5
2025-05-23 17:27:21,16.3
2025-05-23 17:27:22,6.1
2025-05-23 17:27:23,38.1
2025-05-23 17:27:24,14.8
2025-05-23 17:27:25,30.4
2025-05-23 17:27:26,24.9
2025-05-23 17:27:27,9.2
2025-05-23 17:27:28,14.8
2025-05-23 17:27:29,8.0
2025-05-23 17:27:30,20.5
2025-05-23 17:27:31,15.2
2025-05-23 17:27:32,3.1
2025-05-23 17:27:33,27.7
2025-05-23 17:27:34,15.7
2025-05-23 17:27:35,19.7
2025-05-23 17:27:36,14.3
2025-05-23 17:27:37,4.3
2025-05-23 17:27:38,17.6
2025-05-23 17:27:39,25.7
2025-05-23 17:27:40,4.2
2025-05-23 17:27:41,28.8
2025-05-23 17:27:42,5.1
2025-05-23 17:27:43,42.4
2025-05-23 17:27:44,3.4
2025-05-23 17:27:45,22.3
2025-05-23 17:27:46,33.2
2025-05-23 17:27:47,3.4
2025-05-23 17:27:48,39.7
2025-05-23 17:27:49,3.7
2025-05-23 17:27:50,26.2
2025-05-23 17:27:51,10.2
2025-05-23 17:27:52,6.3
2025-05-23 17:27:53,45.1
2025-05-23 17:27:54,6.7
2025-05-23 17:27:55,46.8
2025-05-23 17:27:56,3.4
2025-05-23 17:27:57,29.2
2025-05-23 17:27:58,6.8
2025-05-23 17:28:00,22.1
2025-05-23 17:28:01,21.5
2025-05-23 17:28:02,4.5
2025-05-23 17:28:03,45.8
2025-05-23 17:28:04,3.4
2025-05-23 17:28:05,25.5
2025-05-23 17:28:06,14.6
2025-05-23 17:28:07,13.7
2025-05-23 17:28:08,14.5
2025-05-23 17:28:09,3.4
2025-05-23 17:28:10,23.9
2025-05-23 17:28:11,35.0
2025-05-23 17:28:12,14.8
2025-05-23 17:28:13,26.9
2025-05-23 17:28:14,4.8
2025-05-23 17:28:15,17.9
2025-05-23 17:28:16,15.0
2025-05-23 17:28:17,2.3
2025-05-23 17:28:18,45.1
2025-05-23 17:28:19,10.2
2025-05-23 17:28:20,41.4
2025-05-23 17:28:21,8.6
2025-05-23 17:28:22,30.3
2025-05-23 17:28:23,12.6
2025-05-23 17:28:24,20.4
2025-05-23 17:28:25,21.4
2025-05-23 17:28:26,4.8
2025-05-23 17:28:27,17.6
2025-05-23 17:28:28,14.6
2025-05-23 17:28:29,2.6
2025-05-23 17:28:30,29.6
2025-05-23 17:28:31,5.9
2025-05-23 17:28:32,28.2
2025-05-23 17:28:33,16.4
2025-05-23 17:28:34,14.3
2025-05-23 17:28:35,38.3
2025-05-23 17:28:36,3.7
2025-05-23 17:28:37,41.8
2025-05-23 17:28:38,4.5
2025-05-23 17:28:39,18.6
2025-05-23 17:28:40,25.2
2025-05-23 17:28:41,19.1
2025-05-23 17:28:42,15.6
2025-05-23 17:28:43,5.4
2025-05-23 17:28:44,21.8
2025-05-23 17:28:45,24.4
2025-05-23 17:28:46,7.7
2025-05-23 17:28:47,24.6
2025-05-23 17:28:48,3.9
2025-05-23 17:28:49,14.8
2025-05-23 17:28:50,23.5
2025-05-23 17:28:51,5.6
2025-05-23 17:28:52,21.7
2025-05-23 17:28:53,2.9
2025-05-23 17:28:54,28.8
2025-05-23 17:28:55,22.5
2025-05-23 17:28:56,3.6
2025-05-23 17:28:57,39.7
2025-05-23 17:28:58,5.1
2025-05-23 17:28:59,32.5
2025-05-23 17:29:00,13.6
2025-05-23 17:29:01,31.9
2025-05-23 17:29:02,26.8
2025-05-23 17:29:03,8.6
2025-05-23 17:29:04,43.8
2025-05-23 17:29:05,7.3
2025-05-23 17:29:06,47.7
2025-05-23 17:29:07,5.4
2025-05-23 17:29:08,22.5
2025-05-23 17:29:09,8.9
2025-05-23 17:29:10,18.6
2025-05-23 17:29:11,43.1
2025-05-23 17:29:12,7.3
2025-05-23 17:29:13,26.7
2025-05-23 17:29:14,8.9
2025-05-23 17:29:15,47.8
2025-05-23 17:29:16,3.1
2025-05-23 17:29:17,41.4
2025-05-23 17:29:18,4.9
2025-05-23 17:29:19,25.9
2025-05-23 17:29:20,20.2
2025-05-23 17:29:21,2.9
2025-05-23 17:29:22,30.3
2025-05-23 17:29:23,5.7
2025-05-23 17:29:24,39.6
2025-05-23 17:29:25,17.7
2025-05-23 17:29:26,8.5
2025-05-23 17:29:27,45.3
2025-05-23 17:29:28,3.4
2025-05-23 17:29:29,25.6
2025-05-23 17:29:30,4.8
2025-05-23 17:29:31,46.9
2025-05-23 17:29:32,3.1
2025-05-23 17:29:33,40.3
2025-05-23 17:29:34,24.1
2025-05-23 17:29:35,10.7
2025-05-23 17:29:36,41.5
2025-05-23 17:29:37,3.1
2025-05-23 17:29:38,29.1
2025-05-23 17:29:39,5.6
2025-05-23 17:29:40,42.2
2025-05-23 17:29:41,7.3
2025-05-23 17:29:42,12.4
2025-05-23 17:29:43,25.5
2025-05-23 17:29:44,3.4
2025-05-23 17:29:45,39.2
2025-05-23 17:29:46,5.1
2025-05-23 17:29:47,25.4
2025-05-23 17:29:48,20.1
2025-05-23 17:29:49,3.7
2025-05-23 17:29:50,17.8
2025-05-23 17:29:51,19.9
2025-05-23 17:29:52,7.8
2025-05-23 17:29:53,43.6
2025-05-23 17:29:54,4.9
2025-05-23 17:29:55,17.5
2025-05-23 17:29:56,6.3
2025-05-23 17:29:57,25.1
2025-05-23 17:29:58,29.4
2025-05-23 17:29:59,5.4
2025-05-23 17:30:00,21.7
2025-05-23 17:30:01,8.4
2025-05-23 17:30:02,24.7
2025-05-23 17:30:03,25.2
2025-05-23 17:30:04,2.9
2025-05-23 17:30:05,21.6
2025-05-23 17:30:06,5.6
2025-05-23 17:30:07,37.5
2025-05-23 17:30:08,19.0
2025-05-23 17:30:09,24.6
2025-05-23 17:30:10,16.2
2025-05-23 17:30:11,11.2
2025-05-23 17:30:12,42.2
2025-05-23 17:30:13,3.2
2025-05-23 17:30:14,46.9
2025-05-23 17:30:15,5.4
2025-05-23 17:30:16,41.1
2025-05-23 17:30:17,13.0
2025-05-23 17:30:18,14.4
2025-05-23 17:30:19,17.0
2025-05-23 17:30:20,2.6
2025-05-23 17:30:21,22.2
2025-05-23 17:30:22,23.2
2025-05-23 17:30:23,5.1
2025-05-23 17:30:24,14.1
2025-05-23 17:30:25,10.7
2025-05-23 17:30:26,37.9
2025-05-23 17:30:27,23.8
2025-05-23 17:30:28,22.0
2025-05-23 17:30:29,36.5
2025-05-23 17:30:30,10.7
2025-05-23 17:30:31,30.4
2025-05-23 17:30:32,3.4
2025-05-23 17:30:33,28.2
2025-05-23 17:30:34,14.7
2025-05-23 17:30:35,21.7
2025-05-23 17:30:36,21.8
2025-05-23 17:30:37,3.7
2025-05-23 17:30:38,30.5
2025-05-23 17:30:39,5.1
2025-05-23 17:30:40,39.2
2025-05-23 17:30:41,14.7
2025-05-23 17:30:42,5.3
2025-05-23 17:30:43,24.3
2025-05-23 17:30:44,8.8
2025-05-23 17:30:45,26.6
2025-05-23 17:30:46,24.6
2025-05-23 17:30:47,24.7
2025-05-23 17:30:48,15.4
2025-05-23 17:30:49,2.9
2025-05-23 17:30:50,25.2
2025-05-23 17:30:51,14.1
2025-05-23 17:30:52,18.2
2025-05-23 17:30:53,38.6
2025-05-23 17:30:54,10.1
2025-05-23 17:30:55,25.4
2025-05-23 17:30:56,8.1
2025-05-23 17:30:57,43.9
2025-05-23 17:30:58,11.3
2025-05-23 17:30:59,24.6
2025-05-23 17:31:00,22.5
2025-05-23 17:31:01,3.1
2025-05-23 17:31:02,17.4
2025-05-23 17:31:03,8.8
2025-05-23 17:31:04,18.3
2025-05-23 17:31:05,15.1
2025-05-23 17:31:06,5.6
2025-05-23 17:31:07,44.3
2025-05-23 17:31:08,8.4
2025-05-23 17:31:09,21.6
2025-05-23 17:31:10,30.1
2025-05-23 17:31:11,4.5
2025-05-23 17:31:12,39.6
2025-05-23 17:31:13,3.4
2025-05-23 17:31:14,16.5
2025-05-23 17:31:15,16.4
2025-05-23 17:31:16,31.8
2025-05-23 17:31:17,14.6
2025-05-23 17:31:18,5.1
2025-05-23 17:31:19,16.6
2025-05-23 17:31:20,12.8
2025-05-23 17:31:21,17.2
2025-05-23 17:31:22,35.6
2025-05-23 17:31:23,5.6
2025-05-23 17:31:24,26.7
2025-05-23 17:31:25,3.4
2025-05-23 17:31:26,44.4
2025-05-23 17:31:27,13.4
2025-05-23 17:31:28,32.7
2025-05-23 17:31:29,16.4
2025-05-23 17:31:30,5.4
2025-05-23 17:31:31,30.1
2025-05-23 17:31:32,3.1
2025-05-23 17:31:33,14.2
2025-05-23 17:31:34,31.1
2025-05-23 17:31:35,4.8
2025-05-23 17:31:36,40.1
2025-05-23 17:31:37,3.4
2025-05-23 17:31:38,45.8
2025-05-23 17:31:39,4.8
2025-05-23 17:31:40,19.0
2025-05-23 17:31:41,22.8
2025-05-23 17:31:42,4.9
2025-05-23 17:31:43,44.1
2025-05-23 17:31:44,3.9
2025-05-23 17:31:45,40.4
2025-05-23 17:31:46,12.2
2025-05-23 17:31:47,24.6
2025-05-23 17:31:48,21.6
2025-05-23 17:31:49,3.4
2025-05-23 17:31:50,31.7
2025-05-23 17:31:51,4.8
2025-05-23 17:31:52,21.9
2025-05-23 17:31:53,24.4
2025-05-23 17:31:54,5.4
2025-05-23 17:31:55,28.9
2025-05-23 17:31:56,3.1
2025-05-23 17:31:57,41.8
2025-05-23 17:31:58,5.1
2025-05-23 17:31:59,45.5
2025-05-23 17:32:00,14.9
2025-05-23 17:32:01,17.8
2025-05-23 17:32:02,34.3
2025-05-23 17:32:03,4.5
2025-05-23 17:32:04,14.3
2025-05-23 17:32:05,10.5
2025-05-23 17:32:06,9.6
2025-05-23 17:32:07,29.4
2025-05-23 17:32:08,3.1
2025-05-23 17:32:09,15.2
2025-05-23 17:32:10,31.4
2025-05-23 17:32:11,8.4
2025-05-23 17:32:12,42.2
2025-05-23 17:32:13,3.7
2025-05-23 17:32:14,43.5
2025-05-23 17:32:15,4.0
2025-05-23 17:32:16,13.5
2025-05-23 17:32:17,14.7
2025-05-23 17:32:18,5.6
2025-05-23 17:32:19,28.2
2025-05-23 17:32:20,8.1
2025-05-23 17:32:21,15.5
2025-05-23 17:32:22,17.6
2025-05-23 17:32:23,4.8
2025-05-23 17:32:24,22.5
2025-05-23 17:32:25,19.4
2025-05-23 17:32:26,32.2
2025-05-23 17:32:27,24.9
2025-05-23 17:32:28,2.9
2025-05-23 17:32:29,28.4
2025-05-23 17:32:30,11.8
2025-05-23 17:32:31,29.1
2025-05-23 17:32:32,13.3
2025-05-23 17:32:33,4.2
2025-05-23 17:32:34,31.6
2025-05-23 17:32:35,4.5
2025-05-23 17:32:36,25.6
2025-05-23 17:32:37,16.7
2025-05-23 17:32:38,4.9
2025-05-23 17:32:39,43.1
2025-05-23 17:32:40,8.4
2025-05-23 17:32:41,27.9
2025-05-23 17:32:42,6.7
2025-05-23 17:32:43,28.1
2025-05-23 17:32:44,26.0
2025-05-23 17:32:45,3.4
2025-05-23 17:32:46,31.8
2025-05-23 17:32:47,8.3
2025-05-23 17:32:48,13.8
2025-05-23 17:32:49,14.9
2025-05-23 17:32:50,10.8
2025-05-23 17:32:51,42.8
2025-05-23 17:32:52,3.1
2025-05-23 17:32:53,29.5
2025-05-23 17:32:54,17.9
2025-05-23 17:32:55,32.6
2025-05-23 17:32:56,20.8
2025-05-23 17:32:57,4.0
2025-05-23 17:32:58,31.0
2025-05-23 17:32:59,4.2
2025-05-23 17:33:00,20.6
2025-05-23 17:33:01,15.5
2025-05-23 17:33:02,5.6
2025-05-23 17:33:03,30.3
2025-05-23 17:33:04,3.9
2025-05-23 17:33:05,23.3
2025-05-23 17:33:06,25.3
2025-05-23 17:33:07,4.2
2025-05-23 17:33:08,21.7
2025-05-23 17:33:09,14.1
2025-05-23 17:33:10,13.6
2025-05-23 17:33:11,47.8
2025-05-23 17:33:12,3.1
2025-05-23 17:33:13,22.3
2025-05-23 17:33:14,5.4
2025-05-23 17:33:15,44.1
2025-05-23 17:33:16,5.5
2025-05-23 17:33:17,39.5
2025-05-23 17:33:18,22.8
2025-05-23 17:33:19,7.1
2025-05-23 17:33:20,26.9
2025-05-23 17:33:21,4.0
2025-05-23 17:33:22,47.0
2025-05-23 17:33:23,3.9
2025-05-23 17:33:24,25.9
2025-05-23 17:33:25,26.2
2025-05-23 17:33:26,26.5
2025-05-23 17:33:27,24.0
2025-05-23 17:33:28,3.1
2025-05-23 17:33:29,28.3
2025-05-23 17:33:30,11.2
2025-05-23 17:33:31,16.4
2025-05-23 17:33:32,14.9
2025-05-23 17:33:33,4.0
2025-05-23 17:33:34,20.2
2025-05-23 17:33:35,22.5
2025-05-23 17:33:36,3.1
2025-05-23 17:33:37,45.9
2025-05-23 17:33:38,5.1
2025-05-23 17:33:39,14.9
2025-05-23 17:33:40,19.9
2025-05-23 17:33:41,3.7
2025-05-23 17:33:42,24.4
2025-05-23 17:33:43,3.7
2025-05-23 17:33:44,14.5
2025-05-23 17:33:45,28.1
2025-05-23 17:33:46,5.9
2025-05-23 17:33:47,46.6
2025-05-23 17:33:48,3.1
2025-05-23 17:33:49,44.0
2025-05-23 17:33:50,5.4
2025-05-23 17:33:51,16.4
2025-05-23 17:33:52,20.4
2025-05-23 17:33:53,4.0
2025-05-23 17:33:54,16.3
2025-05-23 17:33:55,19.0
2025-05-23 17:33:56,30.7
2025-05-23 17:33:57,27.3
2025-05-23 17:33:58,22.8
2025-05-23 17:33:59,21.8
2025-05-23 17:34:00,3.1
2025-05-23 17:34:01,28.6
2025-05-23 17:34:02,11.8
2025-05-23 17:34:03,15.8
2025-05-23 17:34:04,27.1
2025-05-23 17:34:05,4.5
2025-05-23 17:34:06,31.0
2025-05-23 17:34:07,3.4
2025-05-23 17:34:08,27.1
2025-05-23 17:34:09,16.3
2025-05-23 17:34:10,5.1
2025-05-23 17:34:11,44.1
2025-05-23 17:34:12,2.4
2025-05-23 17:34:13,16.4
2025-05-23 17:34:14,27.5
2025-05-23 17:34:15,21.2
2025-05-23 17:34:16,26.3
2025-05-23 17:34:17,4.2
2025-05-23 17:34:18,33.7
2025-05-23 17:34:19,3.7
2025-05-23 17:34:20,22.3
2025-05-23 17:34:21,28.4
2025-05-23 17:34:22,6.0
2025-05-23 17:34:23,15.6
2025-05-23 17:34:24,5.7
2025-05-23 17:34:25,20.1
2025-05-23 17:34:27,47.7
2025-05-23 17:34:28,15.4
2025-05-23 17:34:29,21.2
2025-05-23 17:34:30,4.3
2025-05-23 17:34:31,17.6
2025-05-23 17:34:32,21.4
2025-05-23 17:34:33,24.2
2025-05-23 17:34:34,10.2
2025-05-23 17:34:35,90.8
2025-05-23 17:34:36,35.5
2025-05-23 17:34:37,20.0
2025-05-23 17:34:38,4.3
2025-05-23 17:34:39,27.2
2025-05-23 17:34:40,3.1
2025-05-23 17:34:41,81.0
2025-05-23 17:34:42,42.9
2025-05-23 17:34:43,23.9
2025-05-23 17:34:44,15.2
2025-05-23 17:34:45,25.6
2025-05-23 17:34:46,10.6
2025-05-23 17:34:47,25.3
2025-05-23 17:34:48,9.9
2025-05-23 17:34:49,14.7
2025-05-23 17:34:50,25.1
2025-05-23 17:34:51,4.9
2025-05-23 17:34:52,63.8
2025-05-23 17:34:53,57.9
2025-05-23 17:34:54,4.5
2025-05-23 17:34:55,30.9
2025-05-23 17:34:56,27.0
2025-05-23 17:34:57,2.9
2025-05-23 17:34:58,29.1
2025-05-23 17:34:59,5.7
2025-05-23 17:35:00,15.4
2025-05-23 17:35:01,37.0
2025-05-23 17:35:02,15.2
2025-05-23 17:35:03,38.8
2025-05-23 17:35:04,3.1
2025-05-23 17:35:05,26.1
2025-05-23 17:35:06,4.0
2025-05-23 17:35:07,25.3
2025-05-23 17:35:08,26.4
2025-05-23 17:35:09,18.3
2025-05-23 17:35:10,30.2
2025-05-23 17:35:11,5.9
2025-05-23 17:35:12,21.0
2025-05-23 17:35:13,10.7
2025-05-23 17:35:14,7.5
2025-05-23 17:35:15,29.4
2025-05-23 17:35:16,3.9
2025-05-23 17:35:17,22.0
2025-05-23 17:35:18,18.7
2025-05-23 17:35:19,11.2
2025-05-23 17:35:20,27.3
2025-05-23 17:35:21,5.3
2025-05-23 17:35:22,32.7
2025-05-23 17:35:23,11.2
2025-05-23 17:35:24,17.0
2025-05-23 17:35:25,26.1
2025-05-23 17:35:26,4.6
2025-05-23 17:35:27,17.6
2025-05-23 17:35:28,20.4
2025-05-23 17:35:29,8.8
2025-05-23 17:35:30,30.4
2025-05-23 17:35:31,9.4
2025-05-23 17:35:32,16.1
2025-05-23 17:35:33,20.7
2025-05-23 17:35:34,25.4
2025-05-23 17:35:35,16.9
2025-05-23 17:35:36,2.9
2025-05-23 17:35:37,42.3
2025-05-23 17:35:38,4.3
2025-05-23 17:35:39,17.0
2025-05-23 17:35:40,27.9
2025-05-23 17:35:41,3.1
2025-05-23 17:35:42,30.8
2025-05-23 17:35:43,5.9
2025-05-23 17:35:44,21.2
2025-05-23 17:35:45,13.6
2025-05-23 17:35:46,4.5
2025-05-23 17:35:47,30.4
2025-05-23 17:35:48,3.7
2025-05-23 17:35:49,42.3
2025-05-23 17:35:50,22.1
2025-05-23 17:35:51,5.4
2025-05-23 17:35:52,14.4
2025-05-23 17:35:53,3.9
2025-05-23 17:35:54,44.0
2025-05-23 17:35:55,14.4
2025-05-23 17:35:56,43.0
2025-05-23 17:35:57,15.0
2025-05-23 17:35:58,6.4
2025-05-23 17:35:59,34.1
2025-05-23 17:36:00,3.6
2025-05-23 17:36:01,20.9
2025-05-23 17:36:02,21.3
2025-05-23 17:36:03,29.7
2025-05-23 17:36:04,23.2
2025-05-23 17:36:05,3.1
2025-05-23 17:36:06,43.6
2025-05-23 17:36:07,5.1
2025-05-23 17:36:08,32.4
2025-05-23 17:36:09,5.8
2025-05-23 17:36:10,43.3
2025-05-23 17:36:11,19.4
2025-05-23 17:36:12,7.9
2025-05-23 17:36:13,22.0
2025-05-23 17:36:14,4.8
2025-05-23 17:36:15,70.8
2025-05-23 17:36:16,67.3
2025-05-23 17:36:17,7.3
2025-05-23 17:36:18,24.5
2025-05-23 17:36:19,11.4
2025-05-23 17:36:20,99.0
2025-05-23 17:36:21,19.7
2025-05-23 17:36:22,38.5
2025-05-23 17:36:23,13.8
2025-05-23 17:36:24,34.3
2025-05-23 17:36:25,2.9
2025-05-23 17:36:26,17.6
2025-05-23 17:36:27,16.8
2025-05-23 17:36:28,3.4
2025-05-23 17:36:29,22.1
2025-05-23 17:36:30,4.9
2025-05-23 17:36:31,30.4
2025-05-23 17:36:32,22.0
2025-05-23 17:36:33,5.2
2025-05-23 17:36:34,49.6
2025-05-23 17:36:35,5.3
2025-05-23 17:36:36,15.1
2025-05-23 17:36:37,11.7
2025-05-23 17:36:38,21.1
2025-05-23 17:36:39,34.0
2025-05-23 17:36:40,3.4
2025-05-23 17:36:41,15.9
2025-05-23 17:36:42,10.4
2025-05-23 17:36:43,19.2
2025-05-23 17:36:44,29.6
2025-05-23 17:36:45,3.6
2025-05-23 17:36:46,30.1
2025-05-23 17:36:47,5.9
2025-05-23 17:36:48,21.6
2025-05-23 17:36:49,36.4
2025-05-23 17:36:50,13.0
2025-05-23 17:36:51,30.5
2025-05-23 17:36:52,8.9
2025-05-23 17:36:53,42.4
2025-05-23 17:36:54,5.1
2025-05-23 17:36:55,23.5
2025-05-23 17:36:56,24.0
2025-05-23 17:36:57,8.1
2025-05-23 17:36:58,24.6
2025-05-23 17:36:59,5.1
2025-05-23 17:37:00,13.8
2025-05-23 17:37:01,34.3
2025-05-23 17:37:02,5.1
2025-05-23 17:37:03,24.4
2025-05-23 17:37:04,2.9
2025-05-23 17:37:05,22.0
2025-05-23 17:37:06,26.1
2025-05-23 17:37:07,23.7
2025-05-23 17:37:08,21.9
2025-05-23 17:37:09,3.2
2025-05-23 17:37:10,23.2
2025-05-23 17:37:11,17.6
2025-05-23 17:37:12,3.1
2025-05-23 17:37:13,23.4
2025-05-23 17:37:14,4.9
2025-05-23 17:37:15,30.5
2025-05-23 17:37:16,17.5
2025-05-23 17:37:17,14.5
2025-05-23 17:37:18,44.8
2025-05-23 17:37:19,6.9
2025-05-23 17:37:20,32.5
2025-05-23 17:37:21,7.7
2025-05-23 17:37:22,17.8
2025-05-23 17:37:23,25.9
2025-05-23 17:37:24,3.1
2025-05-23 17:37:25,27.0
2025-05-23 17:37:26,4.6
2025-05-23 17:37:27,29.1
2025-05-23 17:37:28,22.5
2025-05-23 17:37:29,13.9
2025-05-23 17:37:30,44.8
2025-05-23 17:37:31,6.9
2025-05-23 17:37:32,14.1
2025-05-23 17:37:33,3.9
2025-05-23 17:37:34,44.7
2025-05-23 17:37:35,12.2
2025-05-23 17:37:36,34.1
2025-05-23 17:37:37,21.3
2025-05-23 17:37:38,4.9
2025-05-23 17:37:39,16.7
2025-05-23 17:37:40,15.7
2025-05-23 17:37:41,19.4
2025-05-23 17:37:42,32.0
2025-05-23 17:37:43,4.5
2025-05-23 17:37:44,26.3
2025-05-23 17:37:45,3.1
2025-05-23 17:37:46,53.2
2025-05-23 17:37:47,4.8
2025-05-23 17:37:48,42.7
2025-05-23 17:37:49,8.6
2025-05-23 17:37:50,39.9
2025-05-23 17:37:51,15.6
2025-05-23 17:37:52,3.1
2025-05-23 17:37:53,23.1
2025-05-23 17:37:54,5.6
2025-05-23 17:37:55,36.7
2025-05-23 17:37:56,15.9
2025-05-23 17:37:57,3.7
2025-05-23 17:37:58,30.3
2025-05-23 17:37:59,4.3
2025-05-23 17:38:00,14.3
2025-05-23 17:38:01,24.1
2025-05-23 17:38:02,96.5
2025-05-23 17:38:03,26.0
2025-05-23 17:38:04,23.9
2025-05-23 17:38:05,98.5
2025-05-23 17:38:06,20.0
2025-05-23 17:38:07,39.6
2025-05-23 17:38:08,4.5
2025-05-23 17:38:09,15.0
2025-05-23 17:38:10,5.6
2025-05-23 17:38:11,16.7
2025-05-23 17:38:12,44.5
2025-05-23 17:38:13,5.6
2025-05-23 17:38:14,25.1
2025-05-23 17:38:15,4.5
2025-05-23 17:38:16,14.1
2025-05-23 17:38:17,23.4
2025-05-23 17:38:18,5.9
2025-05-23 17:38:19,29.8
2025-05-23 17:38:20,3.1
2025-05-23 17:38:21,26.4
2025-05-23 17:38:22,31.8
2025-05-23 17:38:23,8.7
2025-05-23 17:38:24,14.8
2025-05-23 17:38:25,5.2
2025-05-23 17:38:26,23.1
2025-05-23 17:38:27,16.1
2025-05-23 17:38:28,2.9
2025-05-23 17:38:29,22.6
2025-05-23 17:38:30,11.8
2025-05-23 17:38:31,37.8
2025-05-23 17:38:32,22.2
2025-05-23 17:38:33,4.0
2025-05-23 17:38:34,45.1
2025-05-23 17:38:35,4.5
2025-05-23 17:38:36,30.7
2025-05-23 17:38:37,4.2
2025-05-23 17:38:38,31.0
2025-05-23 17:38:39,16.7
2025-05-23 17:38:40,2.4
2025-05-23 17:38:41,28.5
2025-05-23 17:38:42,6.8
2025-05-23 17:38:43,21.8
2025-05-23 17:38:44,26.9
2025-05-23 17:38:45,3.9
2025-05-23 17:38:46,17.6
2025-05-23 17:38:47,12.0
2025-05-23 17:38:48,24.0
2025-05-23 17:38:49,32.6
2025-05-23 17:38:50,5.4
2025-05-23 17:38:51,42.6
2025-05-23 17:38:52,2.6
2025-05-23 17:38:53,28.5
2025-05-23 17:38:54,11.2
2025-05-23 17:38:55,27.6
2025-05-23 17:38:56,21.7
2025-05-23 17:38:57,3.7
2025-05-23 17:38:58,25.1
2025-05-23 17:38:59,4.2
2025-05-23 17:39:00,40.8
2025-05-23 17:39:01,15.0
2025-05-23 17:39:02,35.9
2025-05-23 17:39:03,30.9
2025-05-23 17:39:04,5.7
2025-05-23 17:39:05,25.7
2025-05-23 17:39:06,7.9
2025-05-23 17:39:07,18.1
2025-05-23 17:39:08,15.2
2025-05-23 17:39:09,3.7
2025-05-23 17:39:10,18.9
2025-05-23 17:39:11,19.1
2025-05-23 17:39:12,11.5
2025-05-23 17:39:13,30.3
2025-05-23 17:39:14,5.4
2025-05-23 17:39:15,15.9
2025-05-23 17:39:16,15.0
2025-05-23 17:39:17,4.0
2025-05-23 17:39:18,46.0
2025-05-23 17:39:19,4.0
2025-05-23 17:39:20,21.2
2025-05-23 17:39:21,15.3
2025-05-23 17:39:22,11.7
2025-05-23 17:39:23,23.5
2025-05-23 17:39:24,3.1
2025-05-23 17:39:25,43.9
2025-05-23 17:39:26,5.1
2025-05-23 17:39:27,29.7
2025-05-23 17:39:28,22.5
2025-05-23 17:39:29,8.8
2025-05-23 17:39:30,36.1
2025-05-23 17:39:31,3.7
2025-05-23 17:39:32,14.0
2025-05-23 17:39:33,28.2
2025-05-23 17:39:34,9.9
2025-05-23 17:39:35,29.8
2025-05-23 17:39:36,2.9
2025-05-23 17:39:37,28.5
2025-05-23 17:39:38,17.3
2025-05-23 17:39:39,31.6
2025-05-23 17:39:40,26.2
2025-05-23 17:39:41,18.5
2025-05-23 17:39:42,24.8
2025-05-23 17:39:43,3.2
2025-05-23 17:39:44,25.1
2025-05-23 17:39:45,9.2
2025-05-23 17:39:46,12.2
2025-05-23 17:39:47,27.7
2025-05-23 17:39:48,2.9
2025-05-23 17:39:49,22.6
2025-05-23 17:39:50,19.4
2025-05-23 17:39:51,3.9
2025-05-23 17:39:52,27.6
2025-05-23 17:39:53,4.3
2025-05-23 17:39:54,45.3
2025-05-23 17:39:55,15.3
2025-05-23 17:39:56,12.4
2025-05-23 17:39:57,16.6
2025-05-23 17:39:58,5.4
2025-05-23 17:39:59,42.5
2025-05-23 17:40:00,9.9
2025-05-23 17:40:01,85.9
2025-05-23 17:40:02,47.2
2025-05-23 17:40:03,7.9
2025-05-23 17:40:05,35.6
2025-05-23 17:40:06,11.9
2025-05-23 17:40:07,97.3
2025-05-23 17:40:08,34.3
2025-05-23 17:40:09,23.5
2025-05-23 17:40:10,23.5
2025-05-23 17:40:11,37.5
2025-05-23 17:40:12,19.2
2025-05-23 17:40:13,14.1
2025-05-23 17:40:14,4.8
2025-05-23 17:40:15,24.6
2025-05-23 17:40:16,29.1
2025-05-23 17:40:17,7.8
2025-05-23 17:40:18,16.6
2025-05-23 17:40:19,5.9
2025-05-23 17:40:20,43.3
2025-05-23 17:40:21,10.8
2025-05-23 17:40:22,42.2
2025-05-23 17:40:23,18.4
2025-05-23 17:40:24,3.7
2025-05-23 17:40:25,21.4
2025-05-23 17:40:26,10.6
2025-05-23 17:40:27,19.0
2025-05-23 17:40:28,15.1
2025-05-23 17:40:29,2.6
2025-05-23 17:40:30,23.0
2025-05-23 17:40:31,19.5
2025-05-23 17:40:32,16.1
2025-05-23 17:40:33,14.2
2025-05-23 17:40:34,5.6
2025-05-23 17:40:35,31.9
2025-05-23 17:40:36,17.2
2025-05-23 17:40:37,39.8
2025-05-23 17:40:38,24.3
2025-05-23 17:40:39,14.2
2025-05-23 17:40:40,22.0
2025-05-23 17:40:41,8.6
2025-05-23 17:40:42,45.1
2025-05-23 17:40:43,4.9
2025-05-23 17:40:44,43.1
2025-05-23 17:40:45,4.7
2025-05-23 17:40:46,22.1
2025-05-23 17:40:47,30.5
2025-05-23 17:40:48,3.1
2025-05-23 17:40:49,26.2
2025-05-23 17:40:50,5.1
2025-05-23 17:40:51,24.5
2025-05-23 17:40:52,34.2
2025-05-23 17:40:53,2.9
2025-05-23 17:40:54,30.9
2025-05-23 17:40:55,6.2
2025-05-23 17:40:56,26.9
2025-05-23 17:40:57,19.8
2025-05-23 17:40:58,7.2
2025-05-23 17:40:59,34.7
2025-05-23 17:41:00,8.7
2025-05-23 17:41:01,14.2
2025-05-23 17:41:02,16.2
2025-05-23 17:41:03,5.1
2025-05-23 17:41:04,21.6
2025-05-23 17:41:05,12.5
2025-05-23 17:41:06,13.1
2025-05-23 17:41:07,45.8
2025-05-23 17:41:08,3.4
2025-05-23 17:41:09,14.6
2025-05-23 17:41:10,10.4
2025-05-23 17:41:11,47.3
2025-05-23 17:41:12,9.9
2025-05-23 17:41:13,14.8
2025-05-23 17:41:14,30.5
2025-05-23 17:41:15,5.4
2025-05-23 17:41:16,22.1
2025-05-23 17:41:17,7.3
2025-05-23 17:41:18,20.4
2025-05-23 17:41:19,41.7
2025-05-23 17:41:20,6.3
2025-05-23 17:41:21,27.0
2025-05-23 17:41:22,5.1
2025-05-23 17:41:23,17.9
2025-05-23 17:41:24,33.4
2025-05-23 17:41:25,14.9
2025-05-23 17:41:26,34.9
2025-05-23 17:41:27,5.9
2025-05-23 17:41:28,23.6
2025-05-23 17:41:29,6.0
2025-05-23 17:41:30,41.4
2025-05-23 17:41:31,26.0
2025-05-23 17:41:32,12.0
2025-05-23 17:41:33,28.3
2025-05-23 17:41:34,5.1
2025-05-23 17:41:35,24.0
2025-05-23 17:41:36,15.9
2025-05-23 17:41:37,20.6
2025-05-23 17:41:38,27.7
2025-05-23 17:41:39,97.0
2025-05-23 17:41:40,8.3
2025-05-23 17:41:41,20.2
2025-05-23 17:41:42,5.3
2025-05-23 17:41:43,17.4
2025-05-23 17:41:44,30.9
2025-05-23 17:41:45,3.6
2025-05-23 17:41:46,36.8
2025-05-23 17:41:47,5.9
2025-05-23 17:41:48,25.7
2025-05-23 17:41:49,19.8
2025-05-23 17:41:50,28.8
2025-05-23 17:41:51,23.8
2025-05-23 17:41:52,3.4
2025-05-23 17:41:53,14.3
2025-05-23 17:41:54,19.9
2025-05-23 17:41:55,29.9
2025-05-23 17:41:56,33.7
2025-05-23 17:41:57,3.9
2025-05-23 17:41:58,48.6
2025-05-23 17:41:59,5.9
2025-05-23 17:42:00,41.2
2025-05-23 17:42:01,2.9
2025-05-23 17:42:02,43.9
2025-05-23 17:42:03,10.7
2025-05-23 17:42:04,40.4
2025-05-23 17:42:05,2.9
2025-05-23 17:42:06,17.4
2025-05-23 17:42:07,48.0
2025-05-23 17:42:08,5.0
2025-05-23 17:42:09,19.8
2025-05-23 17:42:10,4.9
2025-05-23 17:42:11,45.2
2025-05-23 17:42:12,11.1
2025-05-23 17:42:13,6.5
2025-05-23 17:42:14,24.3
2025-05-23 17:42:15,4.8
2025-05-23 17:42:16,20.5
2025-05-23 17:42:17,20.7
2025-05-23 17:42:18,5.1
2025-05-23 17:42:19,46.4
2025-05-23 17:42:20,3.1
2025-05-23 17:42:21,26.6
2025-05-23 17:42:22,8.5
2025-05-23 17:42:23,31.8
2025-05-23 17:42:24,33.2
2025-05-23 17:42:25,10.6
2025-05-23 17:42:26,17.4
2025-05-23 17:42:27,10.4
2025-05-23 17:42:28,14.9
2025-05-23 17:42:29,15.2
2025-05-23 17:42:30,9.9
2025-05-23 17:42:31,17.8
2025-05-23 17:42:32,25.5
2025-05-23 17:42:33,12.2
2025-05-23 17:42:34,44.3
2025-05-23 17:42:35,5.6
2025-05-23 17:42:36,27.8
2025-05-23 17:42:37,3.1
2025-05-23 17:42:38,24.1
2025-05-23 17:42:39,23.3
2025-05-23 17:42:40,30.4
2025-05-23 17:42:41,26.9
2025-05-23 17:42:42,5.1
2025-05-23 17:42:43,29.6
2025-05-23 17:42:44,8.4
2025-05-23 17:42:45,15.1
2025-05-23 17:42:46,34.4
2025-05-23 17:42:47,18.3
2025-05-23 17:42:48,21.3
2025-05-23 17:42:49,8.9
2025-05-23 17:42:50,29.3
2025-05-23 17:42:51,10.9
2025-05-23 17:42:52,15.8
2025-05-23 17:42:53,22.1
2025-05-23 17:42:54,6.5
2025-05-23 17:42:55,49.2
2025-05-23 17:42:56,8.1
2025-05-23 17:42:57,22.4
2025-05-23 17:42:58,21.8
2025-05-23 17:42:59,13.7
2025-05-23 17:43:00,22.7
2025-05-23 17:43:01,9.2
2025-05-23 17:43:02,17.3
2025-05-23 17:43:03,16.7
2025-05-23 17:43:04,3.4
2025-05-23 17:43:05,43.8
2025-05-23 17:43:06,5.4
2025-05-23 17:43:07,47.3
2025-05-23 17:43:08,3.1
2025-05-23 17:43:09,26.6
2025-05-23 17:43:10,25.6
2025-05-23 17:43:11,9.7
2025-05-23 17:43:12,22.9
2025-05-23 17:43:13,3.7
2025-05-23 17:43:14,46.9
2025-05-23 17:43:15,5.0
2025-05-23 17:43:16,27.6
2025-05-23 17:43:17,22.8
2025-05-23 17:43:18,26.3
2025-05-23 17:43:19,40.9
2025-05-23 17:43:20,10.5
2025-05-23 17:43:21,16.0
2025-05-23 17:43:22,5.4
2025-05-23 17:43:23,16.5
2025-05-23 17:43:24,31.7
2025-05-23 17:43:25,4.0
2025-05-23 17:43:26,34.6
2025-05-23 17:43:27,4.5
2025-05-23 17:43:28,40.8
2025-05-23 17:43:29,11.1
2025-05-23 17:43:30,14.6
2025-05-23 17:43:31,16.2
2025-05-23 17:43:32,3.4
2025-05-23 17:43:33,26.6
2025-05-23 17:43:34,28.4
2025-05-23 17:43:35,6.6
2025-05-23 17:43:36,27.9
2025-05-23 17:43:37,3.4
2025-05-23 17:43:38,29.3
2025-05-23 17:43:39,18.0
2025-05-23 17:43:40,34.4
2025-05-23 17:43:41,23.2
2025-05-23 17:43:42,25.9
2025-05-23 17:43:43,22.4
2025-05-23 17:43:44,8.6
2025-05-23 17:43:45,43.0
2025-05-23 17:43:46,5.9
2025-05-23 17:43:47,17.5
2025-05-23 17:43:48,14.1
2025-05-23 17:43:49,4.2
2025-05-23 17:43:50,23.9
2025-05-23 17:43:51,18.2
2025-05-23 17:43:52,18.0
2025-05-23 17:43:53,16.2
2025-05-23 17:43:54,5.1
2025-05-23 17:43:55,29.9
2025-05-23 17:43:56,17.0
2025-05-23 17:43:57,28.9
2025-05-23 17:43:58,16.4
2025-05-23 17:43:59,5.0
2025-05-23 17:44:00,15.1
2025-05-23 17:44:01,15.7
2025-05-23 17:44:02,32.8
2025-05-23 17:44:03,33.2
2025-05-23 17:44:04,2.9
2025-05-23 17:44:05,43.9
2025-05-23 17:44:06,5.4
2025-05-23 17:44:07,16.1
2025-05-23 17:44:08,17.2
2025-05-23 17:44:09,5.6
2025-05-23 17:44:10,17.9
2025-05-23 17:44:11,4.2
2025-05-23 17:44:12,15.3
2025-05-23 17:44:13,31.5
2025-05-23 17:44:14,96.3
2025-05-23 17:44:15,16.8
2025-05-23 17:44:16,21.4
2025-05-23 17:44:17,4.2
2025-05-23 17:44:18,17.2
2025-05-23 17:44:19,20.2
2025-05-23 17:44:20,98.3
2025-05-23 17:44:21,18.0
2025-05-23 17:44:22,26.3
2025-05-23 17:44:23,10.6
2025-05-23 17:44:24,21.8
2025-05-23 17:44:25,8.7
2025-05-23 17:44:26,24.7
2025-05-23 17:44:27,25.7
2025-05-23 17:44:28,7.8
2025-05-23 17:44:29,15.7
2025-05-23 17:44:30,16.0
2025-05-23 17:44:31,5.2
2025-05-23 17:44:32,21.0
2025-05-23 17:44:33,9.0
2025-05-23 17:44:34,25.8
2025-05-23 17:44:35,27.1
2025-05-23 17:44:36,17.9
2025-05-23 17:44:37,30.6
2025-05-23 17:44:38,10.5
2025-05-23 17:44:39,47.8
2025-05-23 17:44:40,3.1
2025-05-23 17:44:41,44.8
2025-05-23 17:44:42,5.6
2025-05-23 17:44:43,15.9
2025-05-23 17:44:44,20.2
2025-05-23 17:44:45,3.9
2025-05-23 17:44:46,24.3
2025-05-23 17:44:47,14.7
2025-05-23 17:44:48,12.0
2025-05-23 17:44:49,21.6
2025-05-23 17:44:50,6.4
2025-05-23 17:44:51,45.1
2025-05-23 17:44:52,3.6
2025-05-23 17:44:53,28.9
2025-05-23 17:44:54,35.5
2025-05-23 17:44:55,20.5
2025-05-23 17:44:56,27.2
2025-05-23 17:44:57,4.7
2025-05-23 17:44:58,46.9
2025-05-23 17:44:59,4.2
2025-05-23 17:45:00,14.1
2025-05-23 17:45:01,25.1
2025-05-23 17:45:02,9.7
2025-05-23 17:45:03,22.0
2025-05-23 17:45:04,3.4
2025-05-23 17:45:05,16.9
2025-05-23 17:45:06,24.6
2025-05-23 17:45:07,4.2
2025-05-23 17:45:08,26.4
2025-05-23 17:45:09,7.4
2025-05-23 17:45:10,42.4
2025-05-23 17:45:11,18.3
2025-05-23 17:45:12,13.7
2025-05-23 17:45:13,16.1
2025-05-23 17:45:14,10.5
2025-05-23 17:45:15,16.2
2025-05-23 17:45:16,30.8
2025-05-23 17:45:17,19.6
2025-05-23 17:45:18,25.3
2025-05-23 17:45:19,4.7
2025-05-23 17:45:20,43.4
2025-05-23 17:45:21,10.8
2025-05-23 17:45:22,44.1
2025-05-23 17:45:23,6.8
2025-05-23 17:45:24,12.5
2025-05-23 17:45:25,28.8
2025-05-23 17:45:26,7.5
2025-05-23 17:45:27,49.6
2025-05-23 17:45:28,2.9
2025-05-23 17:45:29,16.2
2025-05-23 17:45:30,29.1
2025-05-23 17:45:31,6.0
2025-05-23 17:45:32,32.7
2025-05-23 17:45:33,4.0
2025-05-23 17:45:34,45.6
2025-05-23 17:45:35,3.4
2025-05-23 17:45:36,20.9
2025-05-23 17:45:37,34.4
2025-05-23 17:45:38,30.2
2025-05-23 17:45:39,34.2
2025-05-23 17:45:40,11.4
2025-05-23 17:45:41,44.8
2025-05-23 17:45:42,5.1
2025-05-23 17:45:43,28.8
2025-05-23 17:45:44,8.6
2025-05-23 17:45:45,16.5
2025-05-23 17:45:47,30.6
2025-05-23 17:45:48,19.1
2025-05-23 17:45:49,13.8
2025-05-23 17:45:50,10.4
2025-05-23 17:45:51,24.9
2025-05-23 17:45:52,20.1
2025-05-23 17:45:53,11.7
2025-05-23 17:45:54,29.8
2025-05-23 17:45:55,6.2
2025-05-23 17:45:56,28.4
2025-05-23 17:45:57,9.1
2025-05-23 17:45:58,45.3
2025-05-23 17:45:59,17.9
2025-05-23 17:46:00,3.7
2025-05-23 17:46:01,43.3
2025-05-23 17:46:02,10.6
2025-05-23 17:46:03,45.5
2025-05-23 17:46:04,4.2
2025-05-23 17:46:05,27.4
2025-05-23 17:46:06,14.0
2025-05-23 17:46:07,37.2
2025-05-23 17:46:08,22.6
2025-05-23 17:46:09,23.3
2025-05-23 17:46:10,40.1
2025-05-23 17:46:11,15.6
2025-05-23 17:46:12,22.6
2025-05-23 17:46:13,3.4
2025-05-23 17:46:14,16.4
2025-05-23 17:46:15,19.5
2025-05-23 17:46:16,3.1
2025-05-23 17:46:17,51.5
2025-05-23 17:46:18,4.8
2025-05-23 17:46:19,24.1
2025-05-23 17:46:20,13.5
2025-05-23 17:46:21,3.9
2025-05-23 17:46:22,44.0
2025-05-23 17:46:23,5.9
2025-05-23 17:46:24,22.1
2025-05-23 17:46:25,10.1
2025-05-23 17:46:26,37.7
2025-05-23 17:46:27,24.9
2025-05-23 17:46:28,3.1
2025-05-23 17:46:29,25.9
2025-05-23 17:46:30,4.5
2025-05-23 17:46:31,34.2
2025-05-23 17:46:32,19.2
2025-05-23 17:46:33,25.6
2025-05-23 17:46:34,36.9
2025-05-23 17:46:35,5.7
2025-05-23 17:46:36,22.7
2025-05-23 17:46:37,3.4
2025-05-23 17:46:38,30.8
2025-05-23 17:46:39,29.1
2025-05-23 17:46:40,3.1
2025-05-23 17:46:41,15.3
2025-05-23 17:46:42,5.6
2025-05-23 17:46:43,30.1
2025-05-23 17:46:44,33.5
2025-05-23 17:46:45,18.1
2025-05-23 17:46:46,40.2
2025-05-23 17:46:47,13.1
2025-05-23 17:46:48,39.9
2025-05-23 17:46:49,3.1
2025-05-23 17:46:50,31.9
2025-05-23 17:46:51,10.2
2025-05-23 17:46:52,25.5
2025-05-23 17:46:53,21.4
2025-05-23 17:46:54,8.8
2025-05-23 17:46:55,28.0
2025-05-23 17:46:56,9.4
2025-05-23 17:46:57,29.1
2025-05-23 17:46:58,14.9
2025-05-23 17:46:59,20.6
2025-05-23 17:47:00,43.2
2025-05-23 17:47:01,5.2
2025-05-23 17:47:02,31.0
2025-05-23 17:47:03,6.5
2025-05-23 17:47:04,31.8
2025-05-23 17:47:05,10.9
2025-05-23 17:47:06,36.9
2025-05-23 17:47:07,18.6
2025-05-23 17:47:08,2.6
2025-05-23 17:47:09,21.0
2025-05-23 17:47:10,11.6
2025-05-23 17:47:11,43.0
2025-05-23 17:47:12,15.9
2025-05-23 17:47:13,2.9
2025-05-23 17:47:14,29.1
2025-05-23 17:47:15,11.6
2025-05-23 17:47:16,15.8
2025-05-23 17:47:17,31.5
2025-05-23 17:47:18,16.7
2025-05-23 17:47:19,43.7
2025-05-23 17:47:20,4.9
2025-05-23 17:47:21,25.9
2025-05-23 17:47:22,10.7
2025-05-23 17:47:23,19.5
2025-05-23 17:47:24,27.2
2025-05-23 17:47:25,18.7
2025-05-23 17:47:26,31.3
2025-05-23 17:47:27,12.4
2025-05-23 17:47:28,28.0
2025-05-23 17:47:29,3.7
2025-05-23 17:47:30,47.0
2025-05-23 17:47:31,13.8
2025-05-23 17:47:32,21.6
2025-05-23 17:47:33,36.0
2025-05-23 17:47:34,12.0
2025-05-23 17:47:35,26.7
2025-05-23 17:47:36,3.4
2025-05-23 17:47:37,28.1
2025-05-23 17:47:38,18.6
2025-05-23 17:47:39,6.7
2025-05-23 17:47:40,46.4
2025-05-23 17:47:41,2.9
2025-05-23 17:47:42,25.5
2025-05-23 17:47:43,11.5
2025-05-23 17:47:44,8.1
2025-05-23 17:47:45,20.5
2025-05-23 17:47:46,6.4
2025-05-23 17:47:47,54.0
2025-05-23 17:47:48,4.5
2025-05-23 17:47:49,41.9
2025-05-23 17:47:50,12.2
2025-05-23 17:47:51,21.4
2025-05-23 17:47:52,27.6
2025-05-23 17:47:53,3.1
2025-05-23 17:47:54,44.9
2025-05-23 17:47:55,5.1
2025-05-23 17:47:56,16.3
2025-05-23 17:47:57,25.8
2025-05-23 17:47:58,6.1
2025-05-23 17:47:59,30.4
2025-05-23 17:48:00,3.4
2025-05-23 17:48:01,42.1
2025-05-23 17:48:02,7.7
2025-05-23 17:48:03,47.2
2025-05-23 17:48:04,17.5
2025-05-23 17:48:05,15.6
2025-05-23 17:48:06,17.7
2025-05-23 17:48:07,5.9
2025-05-23 17:48:08,41.3
2025-05-23 17:48:09,8.9
2025-05-23 17:48:10,27.0
2025-05-23 17:48:11,26.5
2025-05-23 17:48:12,7.8
2025-05-23 17:48:13,28.4
2025-05-23 17:48:14,5.1
2025-05-23 17:48:15,25.3
2025-05-23 17:48:16,30.5
2025-05-23 17:48:17,21.5
2025-05-23 17:48:18,26.9
2025-05-23 17:48:19,7.3
2025-05-23 17:48:20,44.0
2025-05-23 17:48:21,8.4
2025-05-23 17:48:22,17.4
2025-05-23 17:48:23,24.8
2025-05-23 17:48:24,10.3
2025-05-23 17:48:25,14.9
2025-05-23 17:48:26,11.6
2025-05-23 17:48:27,32.1
2025-05-23 17:48:28,14.0
2025-05-23 17:48:29,3.4
2025-05-23 17:48:30,31.4
2025-05-23 17:48:31,10.9
2025-05-23 17:48:32,20.8
2025-05-23 17:48:33,24.5
2025-05-23 17:48:34,22.4
2025-05-23 17:48:35,45.4
2025-05-23 17:48:36,7.8
2025-05-23 17:48:37,31.9
2025-05-23 17:48:38,4.8
2025-05-23 17:48:39,45.9
2025-05-23 17:48:40,3.4
2025-05-23 17:48:41,15.9
2025-05-23 17:48:42,23.0
2025-05-23 17:48:43,5.0
2025-05-23 17:48:44,40.5
2025-05-23 17:48:45,3.7
2025-05-23 17:48:46,19.0
2025-05-23 17:48:47,24.7
2025-05-23 17:48:48,3.1
2025-05-23 17:48:49,26.2
2025-05-23 17:48:50,6.4
2025-05-23 17:48:51,44.3
2025-05-23 17:48:52,19.2
2025-05-23 17:48:53,33.8
2025-05-23 17:48:54,16.8
2025-05-23 17:48:55,5.1
2025-05-23 17:48:56,22.0
2025-05-23 17:48:57,4.7
2025-05-23 17:48:58,45.3
2025-05-23 17:48:59,20.4
2025-05-23 17:49:00,15.9
2025-05-23 17:49:01,21.8
2025-05-23 17:49:02,5.6
2025-05-23 17:49:03,30.9
2025-05-23 17:49:04,13.8
2025-05-23 17:49:05,5.2
2025-05-23 17:49:06,30.9
2025-05-23 17:49:07,4.8
2025-05-23 17:49:08,22.2
2025-05-23 17:49:09,23.7
2025-05-23 17:49:10,7.5
2025-05-23 17:49:11,53.4
2025-05-23 17:49:12,3.4
2025-05-23 17:49:13,45.4
2025-05-23 17:49:14,5.9
2025-05-23 17:49:15,31.0
2025-05-23 17:49:16,3.9
2025-05-23 17:49:17,41.4
2025-05-23 17:49:18,16.6
2025-05-23 17:49:19,35.4
2025-05-23 17:49:20,22.4
2025-05-23 17:49:21,3.9
2025-05-23 17:49:22,29.9
2025-05-23 17:49:23,10.1
2025-05-23 17:49:24,21.6
2025-05-23 17:49:25,34.1
2025-05-23 17:49:26,23.0
2025-05-23 17:49:27,24.5
2025-05-23 17:49:28,2.9
2025-05-23 17:49:29,42.0
2025-05-23 17:49:30,11.2
2025-05-23 17:49:31,44.6
2025-05-23 17:49:32,3.1
2025-05-23 17:49:33,80.0
2025-05-23 17:49:34,48.4
2025-05-23 17:49:35,14.1
2025-05-23 17:49:36,36.9
2025-05-23 17:49:37,20.7
2025-05-23 17:49:38,27.6
2025-05-23 17:49:39,26.0
2025-05-23 17:49:40,8.6
2025-05-23 17:49:41,14.7
2025-05-23 17:49:42,11.0
2025-05-23 17:49:43,17.0
2025-05-23 17:49:44,21.8
2025-05-23 17:49:45,9.7
2025-05-23 17:49:46,18.0
2025-05-23 17:49:47,21.2
2025-05-23 17:49:48,3.4
2025-05-23 17:49:49,24.1
2025-05-23 17:49:50,11.6
2025-05-23 17:49:51,30.5
2025-05-23 17:49:52,22.9
2025-05-23 17:49:53,3.7
2025-05-23 17:49:54,45.7
2025-05-23 17:49:55,10.6
2025-05-23 17:49:56,24.0
2025-05-23 17:49:57,4.2
2025-05-23 17:49:58,25.7
2025-05-23 17:49:59,34.9
2025-05-23 17:50:00,13.4
2025-05-23 17:50:01,16.7
2025-05-23 17:50:02,11.5
2025-05-23 17:50:03,44.6
2025-05-23 17:50:04,3.4
2025-05-23 17:50:05,28.6
2025-05-23 17:50:06,27.2
2025-05-23 17:50:07,31.4
2025-05-23 17:50:08,28.2
2025-05-23 17:50:09,3.7
2025-05-23 17:50:10,32.0
2025-05-23 17:50:11,5.3
2025-05-23 17:50:12,77.9
2025-05-23 17:50:13,47.9
2025-05-23 17:50:14,20.2
2025-05-23 17:50:15,22.9
2025-05-23 17:50:16,22.1
2025-05-23 17:50:17,98.5
2025-05-23 17:50:18,11.5
2025-05-23 17:50:19,29.7
2025-05-23 17:50:20,2.6
2025-05-23 17:50:21,28.2
2025-05-23 17:50:22,14.5
2025-05-23 17:50:23,15.8
2025-05-23 17:50:24,41.1
2025-05-23 17:50:25,5.0
2025-05-23 17:50:26,52.1
2025-05-23 17:50:27,5.0
2025-05-23 17:50:28,51.5
2025-05-23 17:50:29,77.5
2025-05-23 17:50:30,8.3
2025-05-23 17:50:31,27.1
2025-05-23 17:50:32,18.2
2025-05-23 17:50:33,12.7
2025-05-23 17:50:34,32.8
2025-05-23 17:50:35,4.2
2025-05-23 17:50:36,19.5
2025-05-23 17:50:37,17.5
2025-05-23 17:50:38,17.2
2025-05-23 17:50:39,28.4
2025-05-23 17:50:40,4.7
2025-05-23 17:50:41,32.2
2025-05-23 17:50:42,6.2
2025-05-23 17:50:43,42.7
2025-05-23 17:50:44,13.8
2025-05-23 17:50:45,3.7
2025-05-23 17:50:46,36.7
2025-05-23 17:50:47,5.0
2025-05-23 17:50:48,41.1
2025-05-23 17:50:49,5.3
2025-05-23 17:50:50,20.1
2025-05-23 17:50:51,44.6
2025-05-23 17:50:52,6.0
2025-05-23 17:50:53,44.7
2025-05-23 17:50:54,6.2
2025-05-23 17:50:55,15.6
2025-05-23 17:50:56,15.5
2025-05-23 17:50:57,22.1
2025-05-23 17:50:58,40.9
2025-05-23 17:50:59,10.9
2025-05-23 17:51:00,50.1
2025-05-23 17:51:01,4.7
2025-05-23 17:51:02,20.0
2025-05-23 17:51:03,4.7
2025-05-23 17:51:04,82.6
2025-05-23 17:51:05,51.0
2025-05-23 17:51:06,14.1
2025-05-23 17:51:07,14.7
2025-05-23 17:51:08,28.0
2025-05-23 17:51:09,4.5
2025-05-23 17:51:10,32.4
2025-05-23 17:51:11,7.9
2025-05-23 17:51:12,18.0
2025-05-23 17:51:13,40.3
2025-05-23 17:51:14,10.4
2025-05-23 17:51:15,16.8
2025-05-23 17:51:16,9.4
2025-05-23 17:51:17,22.8
2025-05-23 17:51:18,30.8
2025-05-23 17:51:19,5.2
2025-05-23 17:51:20,43.8
2025-05-23 17:51:21,83.1
2025-05-23 17:51:22,6.2
2025-05-23 17:51:23,54.0
2025-05-23 17:51:24,3.7
2025-05-23 17:51:25,29.1
2025-05-23 17:51:26,10.2
2025-05-23 17:51:27,39.9
2025-05-23 17:51:28,24.0
2025-05-23 17:51:29,14.6
2025-05-23 17:51:30,45.1
2025-05-23 17:51:31,5.0
2025-05-23 17:51:32,33.9
2025-05-23 17:51:33,5.0
2025-05-23 17:51:34,17.3
2025-05-23 17:51:35,26.4
2025-05-23 17:51:36,4.2
2025-05-23 17:51:37,22.5
2025-05-23 17:51:38,10.7
2025-05-23 17:51:39,16.6
2025-05-23 17:51:40,21.8
2025-05-23 17:51:41,10.6
2025-05-23 17:51:43,26.3
2025-05-23 17:51:44,8.1
2025-05-23 17:51:45,38.8
2025-05-23 17:51:46,20.8
2025-05-23 17:51:47,18.0
2025-05-23 17:51:48,48.3
2025-05-23 17:51:49,14.7
2025-05-23 17:51:50,23.0
2025-05-23 17:51:51,9.2
2025-05-23 17:51:52,67.4
2025-05-23 17:51:53,88.5
2025-05-23 17:51:54,6.1
2025-05-23 17:51:55,32.1
2025-05-23 17:51:56,4.2
2025-05-23 17:51:57,26.8
2025-05-23 17:51:58,22.7
2025-05-23 17:51:59,7.0
2025-05-23 17:52:00,23.9
2025-05-23 17:52:01,12.7
2025-05-23 17:52:02,12.4
2025-05-23 17:52:03,45.4
2025-05-23 17:52:04,3.4
2025-05-23 17:52:05,41.0
2025-05-23 17:52:06,8.5
2025-05-23 17:52:07,35.4
2025-05-23 17:52:08,3.6
2025-05-23 17:52:09,20.4
2025-05-23 17:52:10,17.2
2025-05-23 17:52:11,16.4
2025-05-23 17:52:12,14.8
2025-05-23 17:52:13,14.6
2025-05-23 17:52:14,5.1
2025-05-23 17:52:15,28.0
2025-05-23 17:52:16,3.1
2025-05-23 17:52:17,27.2
2025-05-23 17:52:18,29.7
2025-05-23 17:52:19,6.8
2025-05-23 17:52:20,28.3
2025-05-23 17:52:21,3.1
2025-05-23 17:52:22,45.7
2025-05-23 17:52:23,11.7
2025-05-23 17:52:24,14.8
2025-05-23 17:52:25,14.3
2025-05-23 17:52:26,5.1
2025-05-23 17:52:27,18.3
2025-05-23 17:52:28,29.0
2025-05-23 17:52:29,7.0
2025-05-23 17:52:30,21.2
2025-05-23 17:52:31,6.4
2025-05-23 17:52:32,42.9
2025-05-23 17:52:33,14.2
2025-05-23 17:52:34,23.2
2025-05-23 17:52:35,28.1
2025-05-23 17:52:36,3.6
2025-05-23 17:52:37,23.3
2025-05-23 17:52:38,12.3
2025-05-23 17:52:39,31.3
2025-05-23 17:52:40,15.7
2025-05-23 17:52:41,2.9
2025-05-23 17:52:42,16.7
2025-05-23 17:52:43,26.3
2025-05-23 17:52:44,32.9
2025-05-23 17:52:45,26.0
2025-05-23 17:52:46,6.4
2025-05-23 17:52:47,27.6
2025-05-23 17:52:48,8.7
2025-05-23 17:52:49,22.2
2025-05-23 17:52:50,21.7
2025-05-23 17:52:51,33.5
2025-05-23 17:52:52,22.1
2025-05-23 17:52:53,3.4
2025-05-23 17:52:54,51.2
2025-05-23 17:52:55,6.0
2025-05-23 17:52:56,27.3
2025-05-23 17:52:57,3.7
2025-05-23 17:52:58,30.7
2025-05-23 17:52:59,24.1
2025-05-23 17:53:00,4.2
2025-05-23 17:53:01,27.4
2025-05-23 17:53:02,8.6
2025-05-23 17:53:03,14.6
2025-05-23 17:53:04,46.4
2025-05-23 17:53:05,3.7
2025-05-23 17:53:06,32.6
2025-05-23 17:53:07,6.2
2025-05-23 17:53:08,14.6
2025-05-23 17:53:09,34.3
2025-05-23 17:53:10,18.0
2025-05-23 17:53:11,25.6
2025-05-23 17:53:12,3.6
2025-05-23 17:53:13,14.5
2025-05-23 17:53:14,9.9
2025-05-23 17:53:15,93.2
2025-05-23 17:53:16,36.7
2025-05-23 17:53:17,25.8
2025-05-23 17:53:18,22.4
2025-05-23 17:53:19,30.5
2025-05-23 17:53:20,3.4
2025-05-23 17:53:21,20.1
2025-05-23 17:53:22,19.1
2025-05-23 17:53:23,15.3
2025-05-23 17:53:24,41.3
2025-05-23 17:53:25,3.4
2025-05-23 17:53:26,44.4
2025-05-23 17:53:27,11.5
2025-05-23 17:53:28,43.2
2025-05-23 17:53:29,3.1
2025-05-23 17:53:30,25.1
2025-05-23 17:53:31,18.6
2025-05-23 17:53:32,9.0
2025-05-23 17:53:33,26.0
2025-05-23 17:53:34,5.7
2025-05-23 17:53:35,35.9
2025-05-23 17:53:36,8.3
2025-05-23 17:53:37,17.2
2025-05-23 17:53:38,29.3
2025-05-23 17:53:39,5.4
2025-05-23 17:53:40,34.7
2025-05-23 17:53:41,3.6
2025-05-23 17:53:42,30.8
2025-05-23 17:53:43,25.1
2025-05-23 17:53:44,5.8
2025-05-23 17:53:45,24.2
2025-05-23 17:53:46,5.6
2025-05-23 17:53:47,37.3
2025-05-23 17:53:48,15.5
2025-05-23 17:53:49,16.1
2025-05-23 17:53:50,24.5
2025-05-23 17:53:51,5.1
2025-05-23 17:53:52,14.5
2025-05-23 17:53:53,23.7
2025-05-23 17:53:54,5.4
2025-05-23 17:53:55,30.4
2025-05-23 17:53:56,8.9
2025-05-23 17:53:57,43.7
2025-05-23 17:53:58,4.8
2025-05-23 17:53:59,30.1
2025-05-23 17:54:00,22.3
2025-05-23 17:54:01,3.4
2025-05-23 17:54:02,23.3
2025-05-23 17:54:03,11.7
2025-05-23 17:54:04,21.2
2025-05-23 17:54:05,22.9
2025-05-23 17:54:06,5.1
2025-05-23 17:54:07,31.1
2025-05-23 17:54:08,3.1
2025-05-23 17:54:09,22.8
2025-05-23 17:54:10,38.2
2025-05-23 17:54:11,17.3
2025-05-23 17:54:12,14.5
2025-05-23 17:54:13,3.1
2025-05-23 17:54:14,31.7
2025-05-23 17:54:15,16.4
2025-05-23 17:54:16,12.9
2025-05-23 17:54:17,49.6
2025-05-23 17:54:18,6.7
2025-05-23 17:54:19,51.2
2025-05-23 17:54:20,3.1
2025-05-23 17:54:21,26.3
2025-05-23 17:54:22,5.6
2025-05-23 17:54:23,17.1
2025-05-23 17:54:24,41.9
2025-05-23 17:54:25,8.9
2025-05-23 17:54:26,44.8
2025-05-23 17:54:27,5.3
2025-05-23 17:54:28,42.8
2025-05-23 17:54:29,3.4
2025-05-23 17:54:30,45.7
2025-05-23 17:54:31,5.1
2025-05-23 17:54:32,14.8
2025-05-23 17:54:33,21.3
2025-05-23 17:54:34,5.6
2025-05-23 17:54:35,17.7
2025-05-23 17:54:36,12.7
2025-05-23 17:54:37,5.8
2025-05-23 17:54:38,49.7
2025-05-23 17:54:39,5.6
2025-05-23 17:54:40,29.1
2025-05-23 17:54:41,10.4
2025-05-23 17:54:42,26.8
2025-05-23 17:54:43,16.5
2025-05-23 17:54:44,3.4
2025-05-23 17:54:45,47.4
2025-05-23 17:54:46,5.1
2025-05-23 17:54:47,17.2
2025-05-23 17:54:48,23.5
2025-05-23 17:54:49,9.2
2025-05-23 17:54:50,32.4
2025-05-23 17:54:51,5.6
2025-05-23 17:54:52,41.1
2025-05-23 17:54:53,3.7
2025-05-23 17:54:54,18.2
2025-05-23 17:54:55,16.8
2025-05-23 17:54:56,3.7
2025-05-23 17:54:57,33.6
2025-05-23 17:54:58,7.0
2025-05-23 17:54:59,28.3
2025-05-23 17:55:00,14.8
2025-05-23 17:55:01,8.4
2025-05-23 17:55:02,31.7
2025-05-23 17:55:03,10.6
2025-05-23 17:55:04,21.9
2025-05-23 17:55:05,22.6
2025-05-23 17:55:06,5.1
2025-05-23 17:55:07,25.5
2025-05-23 17:55:08,3.1
2025-05-23 17:55:09,22.2
2025-05-23 17:55:10,42.7
2025-05-23 17:55:11,15.0
2025-05-23 17:55:12,27.5
2025-05-23 17:55:13,3.7
2025-05-23 17:55:14,55.7
2025-05-23 17:55:15,5.6
2025-05-23 17:55:16,14.3
2025-05-23 17:55:17,18.4
2025-05-23 17:55:18,15.5
2025-05-23 17:55:19,35.6
2025-05-23 17:55:20,3.4
2025-05-23 17:55:21,21.0
2025-05-23 17:55:22,18.6
2025-05-23 17:55:23,41.5
2025-05-23 17:55:24,23.8
2025-05-23 17:55:25,6.9
2025-05-23 17:55:26,30.9
2025-05-23 17:55:27,10.3
2025-05-23 17:55:28,42.7
2025-05-23 17:55:29,3.7
2025-05-23 17:55:30,17.6
2025-05-23 17:55:31,17.1
2025-05-23 17:55:32,8.9
2025-05-23 17:55:33,15.5
2025-05-23 17:55:34,23.8
2025-05-23 17:55:35,29.9
2025-05-23 17:55:36,23.7
2025-05-23 17:55:37,5.5
2025-05-23 17:55:38,35.9
2025-05-23 17:55:39,5.1
2025-05-23 17:55:40,27.5
2025-05-23 17:55:41,15.5
2025-05-23 17:55:42,12.4
2025-05-23 17:55:43,16.9
2025-05-23 17:55:44,10.3
2025-05-23 17:55:45,15.0
2025-05-23 17:55:46,36.1
2025-05-23 17:55:47,4.2
2025-05-23 17:55:48,58.6
2025-05-23 17:55:49,73.0
2025-05-23 17:55:50,11.0
2025-05-23 17:55:51,45.0
2025-05-23 17:55:52,3.1
2025-05-23 17:55:53,45.0
2025-05-23 17:55:54,5.6
2025-05-23 17:55:55,35.1
2025-05-23 17:55:56,23.0
2025-05-23 17:55:57,4.0
2025-05-23 17:55:58,47.4
2025-05-23 17:55:59,10.3
2025-05-23 17:56:00,28.8
2025-05-23 17:56:01,3.7
2025-05-23 17:56:02,26.1
2025-05-23 17:56:03,26.2
2025-05-23 17:56:04,11.3
2025-05-23 17:56:05,16.8
2025-05-23 17:56:06,8.5
2025-05-23 17:56:07,27.3
2025-05-23 17:56:08,21.6
2025-05-23 17:56:09,4.0
2025-05-23 17:56:10,17.8
2025-05-23 17:56:11,18.9
2025-05-23 17:56:12,12.8
2025-05-23 17:56:13,33.9
2025-05-23 17:56:14,97.2
2025-05-23 17:56:15,12.1
2025-05-23 17:56:16,22.6
2025-05-23 17:56:17,4.5
2025-05-23 17:56:18,25.8
2025-05-23 17:56:19,19.9
2025-05-23 17:56:20,4.7
2025-05-23 17:56:21,36.5
2025-05-23 17:56:22,5.1
2025-05-23 17:56:23,44.8
2025-05-23 17:56:24,3.9
2025-05-23 17:56:25,28.2
2025-05-23 17:56:26,25.6
2025-05-23 17:56:27,4.2
2025-05-23 17:56:28,20.7
2025-05-23 17:56:29,9.1
2025-05-23 17:56:30,24.9
2025-05-23 17:56:31,29.0
2025-05-23 17:56:32,2.9
2025-05-23 17:56:33,34.7
2025-05-23 17:56:34,6.2
2025-05-23 17:56:35,51.9
2025-05-23 17:56:36,3.1
2025-05-23 17:56:37,28.7
2025-05-23 17:56:38,23.9
2025-05-23 17:56:39,6.0
2025-05-23 17:56:40,15.8
2025-05-23 17:56:41,10.0
2025-05-23 17:56:42,31.9
2025-05-23 17:56:43,23.8
2025-05-23 17:56:44,3.4
2025-05-23 17:56:45,31.4
2025-05-23 17:56:46,6.2
2025-05-23 17:56:47,17.0
2025-05-23 17:56:48,32.0
2025-05-23 17:56:49,15.0
2025-05-23 17:56:50,31.5
2025-05-23 17:56:51,5.0
2025-05-23 17:56:52,42.9
2025-05-23 17:56:53,4.2
2025-05-23 17:56:54,52.6
2025-05-23 17:56:55,4.5
2025-05-23 17:56:56,45.6
2025-05-23 17:56:57,10.0
2025-05-23 17:56:58,27.8
2025-05-23 17:56:59,38.3
2025-05-23 17:57:00,12.9
2025-05-23 17:57:01,23.8
2025-05-23 17:57:02,6.2
2025-05-23 17:57:03,33.7
2025-05-23 17:57:04,5.2
2025-05-23 17:57:05,90.0
2025-05-23 17:57:06,44.4
2025-05-23 17:57:07,18.1
2025-05-23 17:57:08,32.6
2025-05-23 17:57:09,16.1
2025-05-23 17:57:10,8.1
2025-05-23 17:57:11,52.4
2025-05-23 17:57:12,2.9
2025-05-23 17:57:13,43.9
2025-05-23 17:57:14,6.2
2025-05-23 17:57:15,32.6
2025-05-23 17:57:16,13.8
2025-05-23 17:57:17,17.3
2025-05-23 17:57:18,32.8
2025-05-23 17:57:19,5.0
2025-05-23 17:57:20,41.5
2025-05-23 17:57:21,4.8
2025-05-23 17:57:22,50.9
2025-05-23 17:57:23,3.4
2025-05-23 17:57:24,14.8
2025-05-23 17:57:25,24.0
2025-05-23 17:57:26,11.5
2025-05-23 17:57:27,42.7
2025-05-23 17:57:28,3.1
2025-05-23 17:57:29,23.9
2025-05-23 17:57:30,26.1
2025-05-23 17:57:31,16.3
2025-05-23 17:57:32,43.4
2025-05-23 17:57:33,8.2
2025-05-23 17:57:34,23.8
2025-05-23 17:57:35,5.5
2025-05-23 17:57:36,20.8
2025-05-23 17:57:37,16.9
2025-05-23 17:57:38,11.4
2025-05-23 17:57:39,22.2
2025-05-23 17:57:40,16.4
2025-05-23 17:57:41,9.8
2025-05-23 17:57:42,31.8
2025-05-23 17:57:43,9.7
2025-05-23 17:57:44,15.4
2025-05-23 17:57:45,16.8
2025-05-23 17:57:46,6.0
2025-05-23 17:57:47,25.1
2025-05-23 17:57:48,7.0
2025-05-23 17:57:49,25.3
2025-05-23 17:57:50,30.7
2025-05-23 17:57:51,9.8
2025-05-23 17:57:52,42.1
2025-05-23 17:57:53,4.8
2025-05-23 17:57:55,32.5
2025-05-23 17:57:56,9.8
2025-05-23 17:57:57,22.0
2025-05-23 17:57:58,37.3
2025-05-23 17:57:59,15.9
2025-05-23 17:58:00,45.6
2025-05-23 17:58:01,3.1
2025-05-23 17:58:02,23.1
2025-05-23 17:58:03,7.0
2025-05-23 17:58:04,33.2
2025-05-23 17:58:05,26.4
2025-05-23 17:58:06,5.1
2025-05-23 17:58:07,51.3
2025-05-23 17:58:08,3.7
2025-05-23 17:58:09,15.6
2025-05-23 17:58:10,14.4
2025-05-23 17:58:11,45.7
2025-05-23 17:58:12,14.1
2025-05-23 17:58:13,29.6
2025-05-23 17:58:14,28.4
2025-05-23 17:58:15,11.1
2025-05-23 17:58:16,28.5
2025-05-23 17:58:17,3.1
2025-05-23 17:58:18,29.8
2025-05-23 17:58:19,22.4
2025-05-23 17:58:20,26.0
2025-05-23 17:58:21,32.6
2025-05-23 17:58:22,5.3
2025-05-23 17:58:23,17.9
2025-05-23 17:58:24,8.6
2025-05-23 17:58:25,37.5
2025-05-23 17:58:26,28.1
2025-05-23 17:58:27,15.3
2025-05-23 17:58:28,23.3
2025-05-23 17:58:29,3.1
2025-05-23 17:58:30,29.5
2025-05-23 17:58:31,15.9
2025-05-23 17:58:32,19.6
2025-05-23 17:58:33,38.6
2025-05-23 17:58:34,14.1
2025-05-23 17:58:35,25.1
2025-05-23 17:58:36,3.4
2025-05-23 17:58:37,30.1
2025-05-23 17:58:38,20.7
2025-05-23 17:58:39,15.0
2025-05-23 17:58:40,24.3
2025-05-23 17:58:41,3.1
2025-05-23 17:58:42,16.5
2025-05-23 17:58:43,22.7
2025-05-23 17:58:44,3.6
2025-05-23 17:58:45,40.6
2025-05-23 17:58:46,5.1
2025-05-23 17:58:47,25.0
2025-05-23 17:58:48,23.5
2025-05-23 17:58:49,7.5
2025-05-23 17:58:50,22.0
2025-05-23 17:58:51,5.4
2025-05-23 17:58:52,49.7
2025-05-23 17:58:53,2.9
2025-05-23 17:58:54,34.7
2025-05-23 17:58:55,25.0
2025-05-23 17:58:56,3.9
2025-05-23 17:58:57,22.4
2025-05-23 17:58:58,5.3
2025-05-23 17:58:59,30.5
2025-05-23 17:59:00,22.6
2025-05-23 17:59:01,29.8
2025-05-23 17:59:02,17.2
2025-05-23 17:59:03,5.9
2025-05-23 17:59:04,23.3
2025-05-23 17:59:05,11.7
2025-05-23 17:59:06,21.2
2025-05-23 17:59:07,26.2
2025-05-23 17:59:08,8.9
2025-05-23 17:59:09,20.4
2025-05-23 17:59:10,16.3
2025-05-23 17:59:11,37.2
2025-05-23 17:59:12,22.4
2025-05-23 17:59:13,9.4
2025-05-23 17:59:14,32.5
2025-05-23 17:59:15,5.9
2025-05-23 17:59:16,47.8
2025-05-23 17:59:17,2.6
2025-05-23 17:59:18,31.3
2025-05-23 17:59:19,22.8
2025-05-23 17:59:20,17.7
2025-05-23 17:59:21,14.2
2025-05-23 17:59:22,5.1
2025-05-23 17:59:23,39.8
2025-05-23 17:59:24,14.8
2025-05-23 17:59:25,3.4
2025-05-23 17:59:26,29.3
2025-05-23 17:59:27,11.3
2025-05-23 17:59:28,28.8
2025-05-23 17:59:29,15.3
2025-05-23 17:59:30,5.6
2025-05-23 17:59:31,36.3
2025-05-23 17:59:32,3.9
2025-05-23 17:59:33,14.8
2025-05-23 17:59:34,31.6
2025-05-23 17:59:35,5.9
2025-05-23 17:59:36,27.6
2025-05-23 17:59:37,3.4
2025-05-23 17:59:38,30.2
2025-05-23 17:59:39,21.4
2025-05-23 17:59:40,3.1
2025-05-23 17:59:41,16.1
2025-05-23 17:59:42,17.0
2025-05-23 17:59:43,20.2
2025-05-23 17:59:44,39.7
2025-05-23 17:59:45,4.2
2025-05-23 17:59:46,22.6
2025-05-23 17:59:47,5.1
2025-05-23 17:59:48,15.0
2025-05-23 17:59:49,28.7
2025-05-23 17:59:50,5.4
2025-05-23 17:59:51,25.9
2025-05-23 17:59:52,9.8
2025-05-23 17:59:53,9.4
2025-05-23 17:59:54,51.8
2025-05-23 17:59:55,6.1
2025-05-23 17:59:56,40.2
2025-05-23 17:59:57,8.2
2025-05-23 17:59:58,24.1
2025-05-23 17:59:59,19.2
2025-05-23 18:00:00,7.5
2025-05-23 18:00:01,15.1
2025-05-23 18:00:02,5.6
2025-05-23 18:00:03,35.2
2025-05-23 18:00:04,22.3
2025-05-23 18:00:05,8.6
2025-05-23 18:00:06,23.5
2025-05-23 18:00:07,5.4
2025-05-23 18:00:08,28.2
2025-05-23 18:00:09,15.1
2025-05-23 18:00:10,12.0
2025-05-23 18:00:11,25.4
2025-05-23 18:00:12,3.6
2025-05-23 18:00:13,22.8
2025-05-23 18:00:14,29.8
2025-05-23 18:00:15,5.4
2025-05-23 18:00:16,23.5
2025-05-23 18:00:17,6.8
2025-05-23 18:00:18,35.0
2025-05-23 18:00:19,32.5
2025-05-23 18:00:20,20.0
2025-05-23 18:00:21,34.6
2025-05-23 18:00:22,5.1
2025-05-23 18:00:23,30.4
2025-05-23 18:00:24,8.4
2025-05-23 18:00:25,27.7
2025-05-23 18:00:26,26.1
2025-05-23 18:00:27,11.2
2025-05-23 18:00:28,56.6
2025-05-23 18:00:29,5.8
2025-05-23 18:00:30,50.0
2025-05-23 18:00:31,7.8
2025-05-23 18:00:32,39.9
2025-05-23 18:00:33,10.8
2025-05-23 18:00:34,35.1
2025-05-23 18:00:35,21.0
2025-05-23 18:00:36,54.2
2025-05-23 18:00:37,5.1
2025-05-23 18:00:38,29.6
2025-05-23 18:00:39,23.3
2025-05-23 18:00:40,3.1
2025-05-23 18:00:41,27.9
2025-05-23 18:00:42,12.6
2025-05-23 18:00:43,18.2
2025-05-23 18:00:44,29.0
2025-05-23 18:00:45,15.5
2025-05-23 18:00:46,31.3
2025-05-23 18:00:47,5.3
2025-05-23 18:00:48,17.3
2025-05-23 18:00:49,19.6
2025-05-23 18:00:50,11.5
2025-05-23 18:00:51,32.2
2025-05-23 18:00:52,3.6
2025-05-23 18:00:53,32.0
2025-05-23 18:00:54,19.8
2025-05-23 18:00:55,32.5
2025-05-23 18:00:56,25.9
2025-05-23 18:00:57,22.5
2025-05-23 18:00:58,35.9
2025-05-23 18:00:59,5.1
2025-05-23 18:01:00,22.6
2025-05-23 18:01:01,3.7
2025-05-23 18:01:02,53.6
2025-05-23 18:01:03,5.3
2025-05-23 18:01:04,14.8
2025-05-23 18:01:05,26.4
2025-05-23 18:01:06,5.3
2025-05-23 18:01:07,25.1
2025-05-23 18:01:08,14.8
2025-05-23 18:01:09,3.4
2025-05-23 18:01:10,36.1
2025-05-23 18:01:11,5.9
2025-05-23 18:01:12,15.8
2025-05-23 18:01:13,29.1
2025-05-23 18:01:14,5.7
2025-05-23 18:01:15,18.1
2025-05-23 18:01:16,5.7
2025-05-23 18:01:17,25.9
2025-05-23 18:01:18,18.5
2025-05-23 18:01:19,5.0
2025-05-23 18:01:20,15.8
2025-05-23 18:01:21,21.6
2025-05-23 18:01:22,5.6
2025-05-23 18:01:23,23.9
2025-05-23 18:01:24,3.9
2025-05-23 18:01:25,31.5
2025-05-23 18:01:26,30.9
2025-05-23 18:01:27,5.6
2025-05-23 18:01:28,56.6
2025-05-23 18:01:29,4.2
2025-05-23 18:01:30,24.9
2025-05-23 18:01:31,9.9
2025-05-23 18:01:32,14.5
2025-05-23 18:01:33,14.4
2025-05-23 18:01:34,4.9
2025-05-23 18:01:35,52.4
2025-05-23 18:01:36,3.1
2025-05-23 18:01:37,44.2
2025-05-23 18:01:38,11.8
2025-05-23 18:01:39,30.2
2025-05-23 18:01:40,19.2
2025-05-23 18:01:41,26.5
2025-05-23 18:01:42,24.4
2025-05-23 18:01:43,5.3
2025-05-23 18:01:44,44.6
2025-05-23 18:01:45,9.9
2025-05-23 18:01:46,16.8
2025-05-23 18:01:47,23.4
2025-05-23 18:01:48,6.8
2025-05-23 18:01:49,28.6
2025-05-23 18:01:50,4.9
2025-05-23 18:01:51,44.8
2025-05-23 18:01:52,9.4
2025-05-23 18:01:53,42.7
2025-05-23 18:01:54,18.5
2025-05-23 18:01:55,4.5
2025-05-23 18:01:56,20.5
2025-05-23 18:01:57,5.3
2025-05-23 18:01:58,45.8
2025-05-23 18:01:59,21.1
2025-05-23 18:02:00,12.4
2025-05-23 18:02:01,23.4
2025-05-23 18:02:02,10.5
2025-05-23 18:02:03,25.2
2025-05-23 18:02:04,19.3
2025-05-23 18:02:05,16.8
2025-05-23 18:02:06,24.0
2025-05-23 18:02:07,4.5
2025-05-23 18:02:08,22.2
2025-05-23 18:02:09,8.2
2025-05-23 18:02:10,93.7
2025-05-23 18:02:11,42.1
2025-05-23 18:02:12,13.8
2025-05-23 18:02:13,39.7
2025-05-23 18:02:14,26.8
2025-05-23 18:02:15,9.0
2025-05-23 18:02:16,49.1
2025-05-23 18:02:17,6.3
2025-05-23 18:02:18,18.4
2025-05-23 18:02:19,9.1
2025-05-23 18:02:20,25.3
2025-05-23 18:02:21,16.5
2025-05-23 18:02:22,5.6
2025-05-23 18:02:23,49.9
2025-05-23 18:02:24,2.9
2025-05-23 18:02:25,42.7
2025-05-23 18:02:26,5.9
2025-05-23 18:02:27,22.1
2025-05-23 18:02:28,22.8
2025-05-23 18:02:29,4.0
2025-05-23 18:02:30,23.0
2025-05-23 18:02:31,16.3
2025-05-23 18:02:32,30.3
2025-05-23 18:02:33,30.9
2025-05-23 18:02:34,6.2
2025-05-23 18:02:35,23.0
2025-05-23 18:02:36,8.9
2025-05-23 18:02:37,29.0
2025-05-23 18:02:38,17.6
2025-05-23 18:02:39,5.0
2025-05-23 18:02:40,24.5
2025-05-23 18:02:41,10.5
2025-05-23 18:02:42,18.8
2025-05-23 18:02:43,29.1
2025-05-23 18:02:44,3.4
2025-05-23 18:02:45,17.2
2025-05-23 18:02:46,15.8
2025-05-23 18:02:47,41.6
2025-05-23 18:02:48,22.6
2025-05-23 18:02:49,4.5
2025-05-23 18:02:50,44.6
2025-05-23 18:02:51,90.2
2025-05-23 18:02:52,3.6
2025-05-23 18:02:53,29.1
2025-05-23 18:02:54,5.1
2025-05-23 18:02:55,24.2
2025-05-23 18:02:56,31.1
2025-05-23 18:02:57,7.1
2025-05-23 18:02:58,24.3
2025-05-23 18:02:59,10.5
2025-05-23 18:03:00,21.2
2025-05-23 18:03:01,29.2
2025-05-23 18:03:02,7.0
2025-05-23 18:03:03,22.2
2025-05-23 18:03:04,2.9
2025-05-23 18:03:05,44.0
2025-05-23 18:03:06,13.9
2025-05-23 18:03:07,15.5
2025-05-23 18:03:08,33.2
2025-05-23 18:03:09,4.2
2025-05-23 18:03:10,19.0
2025-05-23 18:03:11,20.5
2025-05-23 18:03:12,30.2
2025-05-23 18:03:13,24.9
2025-05-23 18:03:14,7.5
2025-05-23 18:03:15,21.6
2025-05-23 18:03:16,6.8
2025-05-23 18:03:17,12.3
2025-05-23 18:03:18,24.5
2025-05-23 18:03:19,4.5
2025-05-23 18:03:20,72.9
2025-05-23 18:03:21,63.0
2025-05-23 18:03:22,5.9
2025-05-23 18:03:23,43.4
2025-05-23 18:03:24,12.3
2025-05-23 18:03:25,18.9
2025-05-23 18:03:26,31.7
2025-05-23 18:03:27,4.5
2025-05-23 18:03:28,37.8
2025-05-23 18:03:29,4.0
2025-05-23 18:03:30,31.0
2025-05-23 18:03:31,29.2
2025-05-23 18:03:32,10.4
2025-05-23 18:03:33,31.1
2025-05-23 18:03:34,6.5
2025-05-23 18:03:35,21.2
2025-05-23 18:03:36,16.1
2025-05-23 18:03:37,33.2
2025-05-23 18:03:38,34.4
2025-05-23 18:03:39,21.8
2025-05-23 18:03:40,28.4
2025-05-23 18:03:41,4.5
2025-05-23 18:03:42,24.8
2025-05-23 18:03:43,13.7
2025-05-23 18:03:44,9.8
2025-05-23 18:03:45,22.8
2025-05-23 18:03:46,5.7
2025-05-23 18:03:47,30.4
2025-05-23 18:03:48,24.7
2025-05-23 18:03:49,7.2
2025-05-23 18:03:50,31.8
2025-05-23 18:03:51,3.4
2025-05-23 18:03:52,26.9
2025-05-23 18:03:53,16.8
2025-05-23 18:03:54,5.6
2025-05-23 18:03:55,27.8
2025-05-23 18:03:56,3.4
2025-05-23 18:03:57,44.9
2025-05-23 18:03:58,13.5
2025-05-23 18:04:00,41.2
2025-05-23 18:04:01,15.1
2025-05-23 18:04:02,5.6
2025-05-23 18:04:03,37.4
2025-05-23 18:04:04,3.7
2025-05-23 18:04:05,22.0
2025-05-23 18:04:06,23.4
2025-05-23 18:04:07,5.7
2025-05-23 18:04:08,28.1
2025-05-23 18:04:09,8.8
2025-05-23 18:04:10,30.6
2025-05-23 18:04:11,17.7
2025-05-23 18:04:12,3.7
2025-05-23 18:04:13,32.3
2025-05-23 18:04:14,4.5
2025-05-23 18:04:15,26.7
2025-05-23 18:04:16,29.9
2025-05-23 18:04:17,3.1
2025-05-23 18:04:18,46.9
2025-05-23 18:04:19,8.4
2025-05-23 18:04:20,56.6
2025-05-23 18:04:21,70.7
2025-05-23 18:04:22,10.7
2025-05-23 18:04:23,32.6
2025-05-23 18:04:24,12.8
2025-05-23 18:04:25,13.2
2025-05-23 18:04:26,28.4
2025-05-23 18:04:27,6.1
2025-05-23 18:04:28,42.2
2025-05-23 18:04:29,8.4
